[["NAME","B19013_001E","B17001_001E","B17001_002E","B23025_003E","B25077_001E","state","county","tract"],
["Census Tract 300, Philadelphia County, Pennsylvania","29030","7107","2423","2918","68200","42","101","030000"],
["Census Tract 188, Philadelphia County, Pennsylvania","21949","9104","5201","2759","74800","42","101","018800"],
["Census Tract 191, Philadelphia County, Pennsylvania","29097","8424","2740","3285","104000","42","101","019100"],
["Census Tract 192, Philadelphia County, Pennsylvania","25218","9464","4695","3227","63700","42","101","019200"],
["Census Tract 17, Philadelphia County, Pennsylvania","104549","2813","98","1903","446100","42","101","001700"],
["Census Tract 27.02, Philadelphia County, Pennsylvania","62171","3991","273","2514","207300","42","101","002702"],
["Census Tract 28.01, Philadelphia County, Pennsylvania","40148","4386","1041","2395","148200","42","101","002801"],
["Census Tract 28.02, Philadelphia County, Pennsylvania","53977","5803","365","3340","210500","42","101","002802"],
["Census Tract 30.01, Philadelphia County, Pennsylvania","40547","4407","1070","2574","119300","42","101","003001"],
["Census Tract 30.02, Philadelphia County, Pennsylvania","25057","3122","677","1627","136200","42","101","003002"],
["Census Tract 71.01, Philadelphia County, Pennsylvania","26392","2508","860","1022","62000","42","101","007101"],
["Census Tract 71.02, Philadelphia County, Pennsylvania","25662","4804","2116","2013","65000","42","101","007102"],
["Census Tract 81.01, Philadelphia County, Pennsylvania","22652","2632","1158","1085","79100","42","101","008101"],
["Census Tract 81.02, Philadelphia County, Pennsylvania","28361","5432","1909","2286","77900","42","101","008102"],
["Census Tract 86.01, Philadelphia County, Pennsylvania","38125","2863","584","1817","314600","42","101","008601"],
["Census Tract 86.02, Philadelphia County, Pennsylvania","33268","2840","1105","1365","209600","42","101","008602"],
["Census Tract 87.01, Philadelphia County, Pennsylvania","35786","5233","1926","2790","417500","42","101","008701"],
["Census Tract 87.02, Philadelphia County, Pennsylvania","30951","3201","1354","1638","491700","42","101","008702"],
["Census Tract 88.01, Philadelphia County, Pennsylvania","11196","379","238","559","-666666666","42","101","008801"],
["Census Tract 88.02, Philadelphia County, Pennsylvania","11652","4126","3068","1821","229700","42","101","008802"],
["Census Tract 98.01, Philadelphia County, Pennsylvania","40897","2423","534","1258","122600","42","101","009801"],
["Census Tract 122.01, Philadelphia County, Pennsylvania","16605","3157","1558","1042","-666666666","42","101","012201"],
["Census Tract 122.03, Philadelphia County, Pennsylvania","34706","777","240","495","-666666666","42","101","012203"],
["Census Tract 122.04, Philadelphia County, Pennsylvania","40880","3052","672","1692","170700","42","101","012204"],
["Census Tract 98.02, Philadelphia County, Pennsylvania","54660","6504","919","3206","145800","42","101","009802"],
["Census Tract 134.01, Philadelphia County, Pennsylvania","78616","2272","149","1387","352800","42","101","013401"],
["Census Tract 134.02, Philadelphia County, Pennsylvania","77734","2753","250","2255","379800","42","101","013402"],
["Census Tract 136.01, Philadelphia County, Pennsylvania","107222","2827","94","2082","351000","42","101","013601"],
["Census Tract 136.02, Philadelphia County, Pennsylvania","84196","3826","521","2588","352200","42","101","013602"],
["Census Tract 151.01, Philadelphia County, Pennsylvania","27375","2061","1037","748","57400","42","101","015101"],
["Census Tract 151.02, Philadelphia County, Pennsylvania","13966","3324","1602","1265","49400","42","101","015102"],
["Census Tract 167.01, Philadelphia County, Pennsylvania","20000","3000","1357","1021","29200","42","101","016701"],
["Census Tract 167.02, Philadelphia County, Pennsylvania","25448","3129","1335","1173","50400","42","101","016702"],
["Census Tract 177.01, Philadelphia County, Pennsylvania","25292","3919","1606","1707","49400","42","101","017701"],
["Census Tract 177.02, Philadelphia County, Pennsylvania","14587","5749","3761","1380","53700","42","101","017702"],
["Census Tract 208, Philadelphia County, Pennsylvania","40000","1875","489","1187","162800","42","101","020800"],
["Census Tract 209, Philadelphia County, Pennsylvania","54848","2926","357","1893","231900","42","101","020900"],
["Census Tract 207, Philadelphia County, Pennsylvania","51268","5246","686","3697","222500","42","101","020700"],
["Census Tract 184, Philadelphia County, Pennsylvania","48715","2471","318","1319","138200","42","101","018400"],
["Census Tract 198, Philadelphia County, Pennsylvania","23439","6992","3533","2942","55900","42","101","019800"],
["Census Tract 212, Philadelphia County, Pennsylvania","64212","2553","201","1393","218600","42","101","021200"],
["Census Tract 213, Philadelphia County, Pennsylvania","59137","3741","383","2119","218800","42","101","021300"],
["Census Tract 217, Philadelphia County, Pennsylvania","57138","6162","359","3291","224300","42","101","021700"],
["Census Tract 241, Philadelphia County, Pennsylvania","14844","1340","537","423","188700","42","101","024100"],
["Census Tract 248, Philadelphia County, Pennsylvania","38806","2120","330","875","89700","42","101","024800"],
["Census Tract 64, Philadelphia County, Pennsylvania","33004","3443","1080","1644","93000","42","101","006400"],
["Census Tract 65, Philadelphia County, Pennsylvania","23833","4084","1315","1916","79000","42","101","006500"],
["Census Tract 66, Philadelphia County, Pennsylvania","23391","3450","1417","1376","40600","42","101","006600"],
["Census Tract 91, Philadelphia County, Pennsylvania","20084","2866","1527","1105","169600","42","101","009100"],
["Census Tract 103, Philadelphia County, Pennsylvania","28486","2538","920","1077","70300","42","101","010300"],
["Census Tract 105, Philadelphia County, Pennsylvania","14659","3596","1592","1133","97400","42","101","010500"],
["Census Tract 3, Philadelphia County, Pennsylvania","81950","3228","313","2267","469900","42","101","000300"],
["Census Tract 5, Philadelphia County, Pennsylvania","40673","1356","575","884","320000","42","101","000500"],
["Census Tract 24, Philadelphia County, Pennsylvania","57193","5163","426","3463","303600","42","101","002400"],
["Census Tract 37.01, Philadelphia County, Pennsylvania","36138","6161","1787","3109","107800","42","101","003701"],
["Census Tract 287, Philadelphia County, Pennsylvania","25152","2501","993","1068","76400","42","101","028700"],
["Census Tract 291, Philadelphia County, Pennsylvania","24593","4811","1946","2060","100400","42","101","029100"],
["Census Tract 326, Philadelphia County, Pennsylvania","41615","6363","1455","2984","120700","42","101","032600"],
["Census Tract 332, Philadelphia County, Pennsylvania","60313","2694","252","1425","186500","42","101","033200"],
["Census Tract 301, Philadelphia County, Pennsylvania","34157","4899","1578","2060","121100","42","101","030100"],
["Census Tract 137, Philadelphia County, Pennsylvania","35033","4863","1472","2382","156300","42","101","013700"],
["Census Tract 115, Philadelphia County, Pennsylvania","46288","4686","822","2513","113900","42","101","011500"],
["Census Tract 120, Philadelphia County, Pennsylvania","50625","1435","212","833","288000","42","101","012000"],
["Census Tract 121, Philadelphia County, Pennsylvania","32428","2561","775","1153","160700","42","101","012100"],
["Census Tract 166, Philadelphia County, Pennsylvania",null,"1562","770","758",null,"42","101","016600"],
["Census Tract 173, Philadelphia County, Pennsylvania","22279","2981","1205","1278","65400","42","101","017300"],
["Census Tract 175, Philadelphia County, Pennsylvania","16978","7074","4420","2300","46100","42","101","017500"],
["Census Tract 176.02, Philadelphia County, Pennsylvania","18086","4320","2796","1273","57000","42","101","017602"],
["Census Tract 253, Philadelphia County, Pennsylvania","34694","3767","930","1901","113600","42","101","025300"],
["Census Tract 172.01, Philadelphia County, Pennsylvania","24207","3516","1602","1041","43700","42","101","017201"],
["Census Tract 172.02, Philadelphia County, Pennsylvania","20536","3374","1517","1110","49700","42","101","017202"],
["Census Tract 180.01, Philadelphia County, Pennsylvania","47308","2567","416","1293","156300","42","101","018001"],
["Census Tract 180.02, Philadelphia County, Pennsylvania","40891","5430","1161","2823","141300","42","101","018002"],
["Census Tract 195.01, Philadelphia County, Pennsylvania","11648","4686","2761","1642","52100","42","101","019501"],
["Census Tract 195.02, Philadelphia County, Pennsylvania","21375","3266","1812","1107","60200","42","101","019502"],
["Census Tract 201.01, Philadelphia County, Pennsylvania","19235","3897","1452","1665","61300","42","101","020101"],
["Census Tract 201.02, Philadelphia County, Pennsylvania","31297","3259","1134","1551","73900","42","101","020102"],
["Census Tract 274.01, Philadelphia County, Pennsylvania","31506","3262","552","1777","98700","42","101","027401"],
["Census Tract 274.02, Philadelphia County, Pennsylvania","37444","7233","1458","3498","86500","42","101","027402"],
["Census Tract 279.01, Philadelphia County, Pennsylvania","32750","4514","2154","1781","96700","42","101","027901"],
["Census Tract 279.02, Philadelphia County, Pennsylvania","34886","2791","1098","1954","91100","42","101","027902"],
["Census Tract 197, Philadelphia County, Pennsylvania","19032","7096","3370","2434","64800","42","101","019700"],
["Census Tract 200, Philadelphia County, Pennsylvania","24850","1267","518","606","78800","42","101","020000"],
["Census Tract 108, Philadelphia County, Pennsylvania","14328","3936","2351","1138","63400","42","101","010800"],
["Census Tract 145, Philadelphia County, Pennsylvania","18125","1676","473","583","158800","42","101","014500"],
["Census Tract 165, Philadelphia County, Pennsylvania","15401","2251","1395","722","55600","42","101","016500"],
["Census Tract 236, Philadelphia County, Pennsylvania","65821","2542","310","1386","362900","42","101","023600"],
["Census Tract 239, Philadelphia County, Pennsylvania","20702","1363","463","718","228600","42","101","023900"],
["Census Tract 242, Philadelphia County, Pennsylvania","22773","3322","1008","1556","93600","42","101","024200"],
["Census Tract 25, Philadelphia County, Pennsylvania","52786","4013","620","2418","279700","42","101","002500"],
["Census Tract 33, Philadelphia County, Pennsylvania","24223","6121","2441","2805","77700","42","101","003300"],
["Census Tract 40.02, Philadelphia County, Pennsylvania","50658","4814","375","2511","179700","42","101","004002"],
["Census Tract 42.01, Philadelphia County, Pennsylvania","48044","5625","868","3097","153600","42","101","004201"],
["Census Tract 245, Philadelphia County, Pennsylvania","19606","3689","1711","1400","71800","42","101","024500"],
["Census Tract 254, Philadelphia County, Pennsylvania","50011","4131","544","2172","192300","42","101","025400"],
["Census Tract 260, Philadelphia County, Pennsylvania","47402","3096","479","1437","160200","42","101","026000"],
["Census Tract 263.02, Philadelphia County, Pennsylvania","35486","5537","1030","2467","134300","42","101","026302"],
["Census Tract 264, Philadelphia County, Pennsylvania","39732","5753","858","3024","151700","42","101","026400"],
["Census Tract 271, Philadelphia County, Pennsylvania","42750","2938","838","1587","136500","42","101","027100"],
["Census Tract 238, Philadelphia County, Pennsylvania","41833","4114","671","2262","206200","42","101","023800"],
["Census Tract 252, Philadelphia County, Pennsylvania","28177","6295","1985","2395","101300","42","101","025200"],
["Census Tract 262, Philadelphia County, Pennsylvania","49804","4424","444","2237","149400","42","101","026200"],
["Census Tract 273, Philadelphia County, Pennsylvania","47642","7197","1109","3788","112600","42","101","027300"],
["Census Tract 284, Philadelphia County, Pennsylvania","27031","4631","1927","2053","83000","42","101","028400"],
["Census Tract 286, Philadelphia County, Pennsylvania","31616","7984","1983","2994","80300","42","101","028600"],
["Census Tract 1, Philadelphia County, Pennsylvania","92207","3608","434","2879","351600","42","101","000100"],
["Census Tract 13, Philadelphia County, Pennsylvania","81250","5890","570","3587","389600","42","101","001300"],
["Census Tract 307, Philadelphia County, Pennsylvania","42637","4144","892","1976","153900","42","101","030700"],
["Census Tract 312, Philadelphia County, Pennsylvania","37188","5081","1352","2360","126100","42","101","031200"],
["Census Tract 231, Philadelphia County, Pennsylvania","134375","1377","6","752","616400","42","101","023100"],
["Census Tract 235, Philadelphia County, Pennsylvania","81042","1318","99","768","326000","42","101","023500"],
["Census Tract 19, Philadelphia County, Pennsylvania","70000","2827","237","2134","296500","42","101","001900"],
["Census Tract 31, Philadelphia County, Pennsylvania","26532","4193","1191","1989","97300","42","101","003100"],
["Census Tract 32, Philadelphia County, Pennsylvania","24965","5079","2032","2475","79600","42","101","003200"],
["Census Tract 40.01, Philadelphia County, Pennsylvania","43571","4071","649","2265","176700","42","101","004001"],
["Census Tract 62, Philadelphia County, Pennsylvania","39312","4882","1295","2225","75200","42","101","006200"],
["Census Tract 72, Philadelphia County, Pennsylvania","29700","4253","1454","1961","68000","42","101","007200"],
["Census Tract 278, Philadelphia County, Pennsylvania","29573","4836","1504","2171","95400","42","101","027800"],
["Census Tract 282, Philadelphia County, Pennsylvania","28393","5125","1389","2321","93800","42","101","028200"],
["Census Tract 288, Philadelphia County, Pennsylvania","29337","4373","1494","1691","73900","42","101","028800"],
["Census Tract 298, Philadelphia County, Pennsylvania","29341","4872","1337","2358","85000","42","101","029800"],
["Census Tract 309, Philadelphia County, Pennsylvania","36719","4507","1279","2209","139900","42","101","030900"],
["Census Tract 320, Philadelphia County, Pennsylvania","42336","6632","725","3429","111900","42","101","032000"],
["Census Tract 342, Philadelphia County, Pennsylvania","50906","3436","320","1676","228100","42","101","034200"],
["Census Tract 15, Philadelphia County, Pennsylvania","71500","2809","469","1948","383600","42","101","001500"],
["Census Tract 29, Philadelphia County, Pennsylvania","50921","4533","493","2643","262200","42","101","002900"],
["Census Tract 37.02, Philadelphia County, Pennsylvania","33903","3945","747","1997","112600","42","101","003702"],
["Census Tract 140, Philadelphia County, Pennsylvania","23026","2940","1244","1416","189800","42","101","014000"],
["Census Tract 141, Philadelphia County, Pennsylvania","14951","2149","724","938","214200","42","101","014100"],
["Census Tract 144, Philadelphia County, Pennsylvania","43370","3540","1078","1848","190300","42","101","014400"],
["Census Tract 152, Philadelphia County, Pennsylvania","16959","5824","3321","1765","64000","42","101","015200"],
["Census Tract 153, Philadelphia County, Pennsylvania","16691","3366","2211","2082","104300","42","101","015300"],
["Census Tract 157, Philadelphia County, Pennsylvania","37664","2564","703","1531","114600","42","101","015700"],
["Census Tract 160, Philadelphia County, Pennsylvania","45030","6695","983","4050","161800","42","101","016000"],
["Census Tract 168, Philadelphia County, Pennsylvania","23569","3927","1546","1311","52900","42","101","016800"],
["Census Tract 202, Philadelphia County, Pennsylvania","20465","4643","1469","1795","74000","42","101","020200"],
["Census Tract 203, Philadelphia County, Pennsylvania","22277","2747","1233","1066","54000","42","101","020300"],
["Census Tract 289.01, Philadelphia County, Pennsylvania","28107","4406","1744","1801","80300","42","101","028901"],
["Census Tract 289.02, Philadelphia County, Pennsylvania","28663","6894","2936","2819","92100","42","101","028902"],
["Census Tract 305.01, Philadelphia County, Pennsylvania","32219","6305","2141","3487","97300","42","101","030501"],
["Census Tract 74, Philadelphia County, Pennsylvania","20268","4467","1754","1739","77800","42","101","007400"],
["Census Tract 92, Philadelphia County, Pennsylvania","20524","3389","1662","1287","118200","42","101","009200"],
["Census Tract 100, Philadelphia County, Pennsylvania","31836","4481","1269","1765","122400","42","101","010000"],
["Census Tract 305.02, Philadelphia County, Pennsylvania","36081","6462","2272","3095","114600","42","101","030502"],
["Census Tract 311.01, Philadelphia County, Pennsylvania","34295","5361","1447","2815","123900","42","101","031101"],
["Census Tract 311.02, Philadelphia County, Pennsylvania","39234","3997","596","2275","113300","42","101","031102"],
["Census Tract 314.01, Philadelphia County, Pennsylvania","36786","6941","1612","3916","112400","42","101","031401"],
["Census Tract 314.02, Philadelphia County, Pennsylvania","33908","5658","1492","2810","129700","42","101","031402"],
["Census Tract 315.01, Philadelphia County, Pennsylvania","44307","6503","1477","3141","147200","42","101","031501"],
["Census Tract 315.02, Philadelphia County, Pennsylvania","41739","3493","673","1498","142200","42","101","031502"],
["Census Tract 331.01, Philadelphia County, Pennsylvania","61774","4699","321","2554","153300","42","101","033101"],
["Census Tract 331.02, Philadelphia County, Pennsylvania","42474","3551","576","1775","148200","42","101","033102"],
["Census Tract 337.01, Philadelphia County, Pennsylvania","29810","5222","972","2064","181100","42","101","033701"],
["Census Tract 337.02, Philadelphia County, Pennsylvania","67589","5107","374","3104","187500","42","101","033702"],
["Census Tract 345.01, Philadelphia County, Pennsylvania","30452","3804","1120","1768","214300","42","101","034501"],
["Census Tract 345.02, Philadelphia County, Pennsylvania","40851","4771","520","2678","193000","42","101","034502"],
["Census Tract 356.01, Philadelphia County, Pennsylvania","50385","5640","364","2803","234000","42","101","035601"],
["Census Tract 356.02, Philadelphia County, Pennsylvania","60078","3165","214","1794","293400","42","101","035602"],
["Census Tract 357.01, Philadelphia County, Pennsylvania","33054","4490","1074","2565","200000","42","101","035701"],
["Census Tract 357.02, Philadelphia County, Pennsylvania","35580","4206","650","2034","211300","42","101","035702"],
["Census Tract 365.01, Philadelphia County, Pennsylvania","46183","5130","628","2929","266300","42","101","036501"],
["Census Tract 365.02, Philadelphia County, Pennsylvania","77212","4288","381","2288","249000","42","101","036502"],
["Census Tract 367, Philadelphia County, Pennsylvania","93151","2747","136","2260","357500","42","101","036700"],
["Census Tract 369, Philadelphia County, Pennsylvania","47083","1249","446","1178","-666666666","42","101","036900"],
["Census Tract 372, Philadelphia County, Pennsylvania","55942","4564","731","2436","197400","42","101","037200"],
["Census Tract 373, Philadelphia County, Pennsylvania","71029","5430","238","3075","330400","42","101","037300"],
["Census Tract 375, Philadelphia County, Pennsylvania","63421","3893","1096","2021","248600","42","101","037500"],
["Census Tract 376, Philadelphia County, Pennsylvania","45833","2754","1036","1614","243600","42","101","037600"],
["Census Tract 377, Philadelphia County, Pennsylvania","31000","3504","1593","1880","152800","42","101","037700"],
["Census Tract 378, Philadelphia County, Pennsylvania","41719","2242","576","1212","152700","42","101","037800"],
["Census Tract 379, Philadelphia County, Pennsylvania","47336","5308","699","2911","137900","42","101","037900"],
["Census Tract 380, Philadelphia County, Pennsylvania","40685","2205","583","967","102800","42","101","038000"],
["Census Tract 381, Philadelphia County, Pennsylvania","26080","920","306","435","69700","42","101","038100"],
["Census Tract 382, Philadelphia County, Pennsylvania","27879","2531","735","1267","90200","42","101","038200"],
["Census Tract 383, Philadelphia County, Pennsylvania","21500","3636","2084","1127","62700","42","101","038300"],
["Census Tract 384, Philadelphia County, Pennsylvania","76750","2527","190","1387","283100","42","101","038400"],
["Census Tract 385, Philadelphia County, Pennsylvania","87361","1861","134","915","551500","42","101","038500"],
["Census Tract 386, Philadelphia County, Pennsylvania","126607","1366","76","678","732500","42","101","038600"],
["Census Tract 387, Philadelphia County, Pennsylvania","128482","1717","119","1275","403700","42","101","038700"],
["Census Tract 101, Philadelphia County, Pennsylvania","31149","6561","2052","2934","80700","42","101","010100"],
["Census Tract 107, Philadelphia County, Pennsylvania","14836","3229","1578","834","70100","42","101","010700"],
["Census Tract 133, Philadelphia County, Pennsylvania","53227","3517","1256","2086","268100","42","101","013300"],
["Census Tract 338, Philadelphia County, Pennsylvania","42184","6263","582","3207","178300","42","101","033800"],
["Census Tract 344, Philadelphia County, Pennsylvania","85227","7458","232","3782","265200","42","101","034400"],
["Census Tract 347.01, Philadelphia County, Pennsylvania","53260","6515","862","3279","191100","42","101","034701"],
["Census Tract 352, Philadelphia County, Pennsylvania","65734","4087","272","2387","220900","42","101","035200"],
["Census Tract 358, Philadelphia County, Pennsylvania","49932","6996","774","3653","230600","42","101","035800"],
["Census Tract 359, Philadelphia County, Pennsylvania","51719","5150","679","2615","235000","42","101","035900"],
["Census Tract 362.01, Philadelphia County, Pennsylvania","64773","4990","175","2638","192100","42","101","036201"],
["Census Tract 362.02, Philadelphia County, Pennsylvania","50507","6120","612","3129","204800","42","101","036202"],
["Census Tract 106, Philadelphia County, Pennsylvania","13482","1466","807","467","60300","42","101","010600"],
["Census Tract 244, Philadelphia County, Pennsylvania","29153","2598","792","1049","89200","42","101","024400"],
["Census Tract 246, Philadelphia County, Pennsylvania","23380","3079","1202","1378","190300","42","101","024600"],
["Census Tract 249, Philadelphia County, Pennsylvania","29583","3107","1345","1107","83900","42","101","024900"],
["Census Tract 258, Philadelphia County, Pennsylvania","57557","1693","72","805","181300","42","101","025800"],
["Census Tract 265, Philadelphia County, Pennsylvania","40143","5229","1206","2078","106000","42","101","026500"],
["Census Tract 267, Philadelphia County, Pennsylvania","33637","6722","1448","2857","101400","42","101","026700"],
["Census Tract 268, Philadelphia County, Pennsylvania","32298","4655","912","2335","178900","42","101","026800"],
["Census Tract 319, Philadelphia County, Pennsylvania","35865","4359","1060","2326","115100","42","101","031900"],
["Census Tract 330, Philadelphia County, Pennsylvania","37515","7224","2602","2932","114600","42","101","033000"],
["Census Tract 340, Philadelphia County, Pennsylvania","60871","2873","229","1390","209000","42","101","034000"],
["Census Tract 346, Philadelphia County, Pennsylvania","35183","2679","451","1327","162100","42","101","034600"],
["Census Tract 348.01, Philadelphia County, Pennsylvania","45025","4162","495","1985","168900","42","101","034801"],
["Census Tract 61, Philadelphia County, Pennsylvania","32416","3366","807","1677","110800","42","101","006100"],
["Census Tract 84, Philadelphia County, Pennsylvania","29904","4843","1979","1817","80700","42","101","008400"],
["Census Tract 90, Philadelphia County, Pennsylvania","14942","2768","1787","1854","333700","42","101","009000"],
["Census Tract 102, Philadelphia County, Pennsylvania","15357","2866","1237","969","64400","42","101","010200"],
["Census Tract 109, Philadelphia County, Pennsylvania","19152","2492","1363","808","148800","42","101","010900"],
["Census Tract 142, Philadelphia County, Pennsylvania","83924","3800","266","3163","311800","42","101","014200"],
["Census Tract 161, Philadelphia County, Pennsylvania","35000","5063","1530","2657","161700","42","101","016100"],
["Census Tract 169.01, Philadelphia County, Pennsylvania","28125","3433","1240","1350","40900","42","101","016901"],
["Census Tract 174, Philadelphia County, Pennsylvania","20461","2007","1063","734","46400","42","101","017400"],
["Census Tract 259, Philadelphia County, Pennsylvania","43115","4830","679","2450","151200","42","101","025900"],
["Census Tract 290, Philadelphia County, Pennsylvania","36500","7208","2613","3444","94900","42","101","029000"],
["Census Tract 56, Philadelphia County, Pennsylvania","19972","991","384","462","160300","42","101","005600"],
["Census Tract 67, Philadelphia County, Pennsylvania","32044","6762","2323","2950","72300","42","101","006700"],
["Census Tract 70, Philadelphia County, Pennsylvania","24818","3528","1275","1483","65200","42","101","007000"],
["Census Tract 80, Philadelphia County, Pennsylvania","31311","3669","1192","1764","130800","42","101","008000"],
["Census Tract 94, Philadelphia County, Pennsylvania","16496","4270","1910","1679","62800","42","101","009400"],
["Census Tract 95, Philadelphia County, Pennsylvania","21000","3229","1394","1647","65300","42","101","009500"],
["Census Tract 363.01, Philadelphia County, Pennsylvania","59868","3370","247","1957","197400","42","101","036301"],
["Census Tract 353.02, Philadelphia County, Pennsylvania","52157","4453","450","2406","193700","42","101","035302"],
["Census Tract 355, Philadelphia County, Pennsylvania","46922","7063","1065","3470","217600","42","101","035500"],
["Census Tract 362.03, Philadelphia County, Pennsylvania","66557","5492","337","2717","204100","42","101","036203"],
["Census Tract 364, Philadelphia County, Pennsylvania","64063","600","297","200","342600","42","101","036400"],
["Census Tract 205, Philadelphia County, Pennsylvania","20000","2763","767","1213","52500","42","101","020500"],
["Census Tract 218, Philadelphia County, Pennsylvania","49044","4164","1045","2302","245800","42","101","021800"],
["Census Tract 219, Philadelphia County, Pennsylvania","78145","1563","125","963","210900","42","101","021900"],
["Census Tract 110, Philadelphia County, Pennsylvania","18147","3545","1657","1252","91700","42","101","011000"],
["Census Tract 112, Philadelphia County, Pennsylvania","24575","4713","1454","1763","69400","42","101","011200"],
["Census Tract 41.02, Philadelphia County, Pennsylvania","34102","9288","3448","4369","128000","42","101","004102"],
["Census Tract 158, Philadelphia County, Pennsylvania","55458","5937","1201","3507","196500","42","101","015800"],
["Census Tract 164, Philadelphia County, Pennsylvania","17270","4567","2357","1394","47000","42","101","016400"],
["Census Tract 169.02, Philadelphia County, Pennsylvania","22525","5909","2262","1991","44400","42","101","016902"],
["Census Tract 171, Philadelphia County, Pennsylvania","30119","4241","1004","1816","55600","42","101","017100"],
["Census Tract 7, Philadelphia County, Pennsylvania","51842","3225","738","1981","297000","42","101","000700"],
["Census Tract 18, Philadelphia County, Pennsylvania","76750","3206","243","2236","376600","42","101","001800"],
["Census Tract 21, Philadelphia County, Pennsylvania","49229","2289","459","1443","133200","42","101","002100"],
["Census Tract 257, Philadelphia County, Pennsylvania","56225","3464","293","2025","312500","42","101","025700"],
["Census Tract 211, Philadelphia County, Pennsylvania","61641","2495","293","1679","227800","42","101","021100"],
["Census Tract 261, Philadelphia County, Pennsylvania","47823","3207","398","1551","205800","42","101","026100"],
["Census Tract 272, Philadelphia County, Pennsylvania","48967","4920","679","2928","125700","42","101","027200"],
["Census Tract 275, Philadelphia County, Pennsylvania","39422","5128","1467","2703","99700","42","101","027500"],
["Census Tract 280, Philadelphia County, Pennsylvania","25819","4114","1460","1497","71300","42","101","028000"],
["Census Tract 294, Philadelphia County, Pennsylvania","18268","2860","1479","1015","76800","42","101","029400"],
["Census Tract 388, Philadelphia County, Pennsylvania","72696","3751","326","2174","262900","42","101","038800"],
["Census Tract 389, Philadelphia County, Pennsylvania","34522","3221","868","1429","173800","42","101","038900"],
["Census Tract 390, Philadelphia County, Pennsylvania","30098","8154","3127","3704","108200","42","101","039000"],
["Census Tract 9800, Philadelphia County, Pennsylvania","70268","181","7","387","270800","42","101","980000"],
["Census Tract 9802, Philadelphia County, Pennsylvania","96667","178","17","97","292100","42","101","980200"],
["Census Tract 9803, Philadelphia County, Pennsylvania","-666666666","0","0","0","-666666666","42","101","980300"],
["Census Tract 9804, Philadelphia County, Pennsylvania","-666666666","0","0","0","-666666666","42","101","980400"],
["Census Tract 9805, Philadelphia County, Pennsylvania","-666666666","0","0","0","-666666666","42","101","980500"],
["Census Tract 9806, Philadelphia County, Pennsylvania","-666666666","0","0","0","-666666666","42","101","980600"],
["Census Tract 9807, Philadelphia County, Pennsylvania","-666666666","0","0","0","-666666666","42","101","980700"],
["Census Tract 9808, Philadelphia County, Pennsylvania","-666666666","0","0","0","-666666666","42","101","980800"],
["Census Tract 329, Philadelphia County, Pennsylvania","36250","3264","836","1577","126100","42","101","032900"],
["Census Tract 348.02, Philadelphia County, Pennsylvania","39241","5336","862","2879","201500","42","101","034802"],
["Census Tract 348.03, Philadelphia County, Pennsylvania","56845","4422","250","2258","195600","42","101","034803"],
["Census Tract 240, Philadelphia County, Pennsylvania","39073","3804","1232","1848","170300","42","101","024000"],
["Census Tract 281, Philadelphia County, Pennsylvania","29785","4124","1401","1812","85200","42","101","028100"],
["Census Tract 283, Philadelphia County, Pennsylvania","20536","5869","2228","2296","81300","42","101","028300"],
["Census Tract 308, Philadelphia County, Pennsylvania","47404","4562","500","2472","161300","42","101","030800"],
["Census Tract 310, Philadelphia County, Pennsylvania","49440","8373","1556","3956","164000","42","101","031000"],
["Census Tract 333, Philadelphia County, Pennsylvania","36721","4005","553","1901","200400","42","101","033300"],
["Census Tract 336, Philadelphia County, Pennsylvania","47302","7351","940","4202","198300","42","101","033600"],
["Census Tract 363.03, Philadelphia County, Pennsylvania","58949","6212","336","3357","197900","42","101","036303"],
["Census Tract 366, Philadelphia County, Pennsylvania","101984","1843","92","1369","345000","42","101","036600"],
["Census Tract 299, Philadelphia County, Pennsylvania","18261","3923","1681","1562","80900","42","101","029900"],
["Census Tract 277, Philadelphia County, Pennsylvania","24250","5126","1418","2434","99200","42","101","027700"],
["Census Tract 285, Philadelphia County, Pennsylvania","32695","2921","1091","1152","88500","42","101","028500"],
["Census Tract 293, Philadelphia County, Pennsylvania","25852","2922","1512","1039","62100","42","101","029300"],
["Census Tract 302, Philadelphia County, Pennsylvania","32282","6794","2054","3365","113000","42","101","030200"],
["Census Tract 306, Philadelphia County, Pennsylvania","43226","8213","1271","3898","145900","42","101","030600"],
["Census Tract 316, Philadelphia County, Pennsylvania","37244","5841","997","2950","137800","42","101","031600"],
["Census Tract 83.01, Philadelphia County, Pennsylvania","27957","4281","884","1923","78100","42","101","008301"],
["Census Tract 83.02, Philadelphia County, Pennsylvania","30019","4470","1486","1928","82600","42","101","008302"],
["Census Tract 63, Philadelphia County, Pennsylvania","24922","4008","1736","1854","82600","42","101","006300"],
["Census Tract 73, Philadelphia County, Pennsylvania","26896","2424","753","1227","92800","42","101","007300"],
["Census Tract 79, Philadelphia County, Pennsylvania","50640","4762","547","3108","340400","42","101","007900"],
["Census Tract 85, Philadelphia County, Pennsylvania","29297","7296","2698","3106","93500","42","101","008500"],
["Census Tract 96, Philadelphia County, Pennsylvania","23528","4202","1249","1831","74200","42","101","009600"],
["Census Tract 118, Philadelphia County, Pennsylvania","40557","5894","914","3120","118300","42","101","011800"],
["Census Tract 119, Philadelphia County, Pennsylvania","24925","4247","1314","2086","106400","42","101","011900"],
["Census Tract 139, Philadelphia County, Pennsylvania","14975","2774","1458","1047","274500","42","101","013900"],
["Census Tract 147, Philadelphia County, Pennsylvania","11352","2545","1565","1249","194100","42","101","014700"],
["Census Tract 156, Philadelphia County, Pennsylvania","19375","1986","1005","686","122300","42","101","015600"],
["Census Tract 163, Philadelphia County, Pennsylvania","12846","3558","2235","1079","91700","42","101","016300"],
["Census Tract 178, Philadelphia County, Pennsylvania","22283","5642","3154","2325","49100","42","101","017800"],
["Census Tract 255, Philadelphia County, Pennsylvania","60755","2950","201","1635","245800","42","101","025500"],
["Census Tract 256, Philadelphia County, Pennsylvania","77500","2733","255","1646","313900","42","101","025600"],
["Census Tract 263.01, Philadelphia County, Pennsylvania","38603","4270","779","2065","139700","42","101","026301"],
["Census Tract 4.01, Philadelphia County, Pennsylvania","46228","2836","795","1714","479100","42","101","000401"],
["Census Tract 135, Philadelphia County, Pennsylvania","55375","3658","613","2197","335800","42","101","013500"],
["Census Tract 143, Philadelphia County, Pennsylvania","59787","1454","152","1024","232000","42","101","014300"],
["Census Tract 146, Philadelphia County, Pennsylvania","28452","2255","635","1210","141600","42","101","014600"],
["Census Tract 148, Philadelphia County, Pennsylvania","21250","1043","338","476","177800","42","101","014800"],
["Census Tract 149, Philadelphia County, Pennsylvania","22375","3423","1201","1417","69200","42","101","014900"],
["Census Tract 113, Philadelphia County, Pennsylvania","25581","2912","1204","1050","83900","42","101","011300"],
["Census Tract 114, Philadelphia County, Pennsylvania","37963","7325","1638","2919","115700","42","101","011400"],
["Census Tract 117, Philadelphia County, Pennsylvania","63523","998","242","789","242500","42","101","011700"],
["Census Tract 270, Philadelphia County, Pennsylvania","53750","2818","471","1563","234000","42","101","027000"],
["Census Tract 247, Philadelphia County, Pennsylvania","20755","4936","2430","1804","89900","42","101","024700"],
["Census Tract 38, Philadelphia County, Pennsylvania","49574","4007","212","1858","195900","42","101","003800"],
["Census Tract 125, Philadelphia County, Pennsylvania","69737","5080","766","3324","368700","42","101","012500"],
["Census Tract 210, Philadelphia County, Pennsylvania","73607","5089","1007","3402","216000","42","101","021000"],
["Census Tract 347.02, Philadelphia County, Pennsylvania","67672","3945","48","2109","214600","42","101","034702"],
["Census Tract 266, Philadelphia County, Pennsylvania","42083","6823","1090","3064","111300","42","101","026600"],
["Census Tract 104, Philadelphia County, Pennsylvania","32703","3680","1268","1317","62200","42","101","010400"],
["Census Tract 132, Philadelphia County, Pennsylvania","17778","2756","917","1066","220800","42","101","013200"],
["Census Tract 176.01, Philadelphia County, Pennsylvania","17192","6034","3638","1651","47500","42","101","017601"],
["Census Tract 4.02, Philadelphia County, Pennsylvania","52813","3049","302","1556","212100","42","101","000402"],
["Census Tract 8.01, Philadelphia County, Pennsylvania","81620","1692","285","1166","656300","42","101","000801"],
["Census Tract 8.03, Philadelphia County, Pennsylvania","57099","3532","536","2271","472600","42","101","000803"],
["Census Tract 8.04, Philadelphia County, Pennsylvania","96250","3746","209","2567","465500","42","101","000804"],
["Census Tract 9.01, Philadelphia County, Pennsylvania","39539","2081","471","1480","245300","42","101","000901"],
["Census Tract 9.02, Philadelphia County, Pennsylvania","50179","2043","463","1309","724400","42","101","000902"],
["Census Tract 10.01, Philadelphia County, Pennsylvania","96397","2626","186","1551","685100","42","101","001001"],
["Census Tract 10.02, Philadelphia County, Pennsylvania","112599","3541","298","2060","636100","42","101","001002"],
["Census Tract 11.01, Philadelphia County, Pennsylvania","77568","2967","373","2305","373700","42","101","001101"],
["Census Tract 11.02, Philadelphia County, Pennsylvania","53621","2542","526","1695","394900","42","101","001102"],
["Census Tract 12.01, Philadelphia County, Pennsylvania","109643","4167","245","2926","562100","42","101","001201"],
["Census Tract 12.02, Philadelphia County, Pennsylvania","71436","5036","562","3822","594600","42","101","001202"],
["Census Tract 27.01, Philadelphia County, Pennsylvania","44333","4372","1093","2393","213700","42","101","002701"],
["Census Tract 9809, Philadelphia County, Pennsylvania","-666666666","4","0","0","-666666666","42","101","980900"],
["Census Tract 9801, Philadelphia County, Pennsylvania","84250","80","10","55","243800","42","101","980100"],
["Census Tract 9891, Philadelphia County, Pennsylvania","-666666666","129","78","22","-666666666","42","101","989100"],
["Census Tract 317, Philadelphia County, Pennsylvania","45766","6221","827","3311","116800","42","101","031700"],
["Census Tract 318, Philadelphia County, Pennsylvania","37361","4131","722","1867","117400","42","101","031800"],
["Census Tract 323, Philadelphia County, Pennsylvania","38942","3129","516","1637","105800","42","101","032300"],
["Census Tract 334, Philadelphia County, Pennsylvania","44698","5239","1108","2564","184500","42","101","033400"],
["Census Tract 339, Philadelphia County, Pennsylvania","44750","3483","778","1651","193300","42","101","033900"],
["Census Tract 131, Philadelphia County, Pennsylvania","33889","1492","367","764","275500","42","101","013100"],
["Census Tract 138, Philadelphia County, Pennsylvania","27418","2249","630","908","74800","42","101","013800"],
["Census Tract 162, Philadelphia County, Pennsylvania","19018","2278","1280","742","92300","42","101","016200"],
["Census Tract 179, Philadelphia County, Pennsylvania","27607","6858","2481","2739","63300","42","101","017900"],
["Census Tract 183, Philadelphia County, Pennsylvania","52288","3818","534","2081","145700","42","101","018300"],
["Census Tract 190, Philadelphia County, Pennsylvania","31485","7900","2986","3431","100300","42","101","019000"],
["Census Tract 206, Philadelphia County, Pennsylvania","43750","1562","390","821","420800","42","101","020600"],
["Census Tract 215, Philadelphia County, Pennsylvania","72894","3912","483","2678","232400","42","101","021500"],
["Census Tract 216, Philadelphia County, Pennsylvania","54009","2145","413","1249","268200","42","101","021600"],
["Census Tract 220, Philadelphia County, Pennsylvania","84931","1650","52","798","302400","42","101","022000"],
["Census Tract 2, Philadelphia County, Pennsylvania","59891","2209","577","1493","265400","42","101","000200"],
["Census Tract 6, Philadelphia County, Pennsylvania","67969","954","208","933","375000","42","101","000600"],
["Census Tract 22, Philadelphia County, Pennsylvania","48553","2219","685","1333","217900","42","101","002200"],
["Census Tract 23, Philadelphia County, Pennsylvania","50335","2813","217","1882","253800","42","101","002300"],
["Census Tract 41.01, Philadelphia County, Pennsylvania","27097","6789","2649","3126","132100","42","101","004101"],
["Census Tract 42.02, Philadelphia County, Pennsylvania","42955","5389","1005","2770","134600","42","101","004202"],
["Census Tract 55, Philadelphia County, Pennsylvania","46129","6319","1275","3324","124500","42","101","005500"],
["Census Tract 69, Philadelphia County, Pennsylvania","16796","2321","1239","792","62900","42","101","006900"],
["Census Tract 77, Philadelphia County, Pennsylvania","25021","1504","738","943","137500","42","101","007700"],
["Census Tract 361, Philadelphia County, Pennsylvania","61011","3925","555","1889","203200","42","101","036100"],
["Census Tract 335, Philadelphia County, Pennsylvania","58162","4045","904","1917","176100","42","101","033500"],
["Census Tract 341, Philadelphia County, Pennsylvania","65077","6038","671","3351","219100","42","101","034100"],
["Census Tract 351, Philadelphia County, Pennsylvania","50989","3578","247","2025","163300","42","101","035100"],
["Census Tract 353.01, Philadelphia County, Pennsylvania","67282","5371","633","2730","186300","42","101","035301"],
["Census Tract 360, Philadelphia County, Pennsylvania","52636","2773","326","1319","235000","42","101","036000"],
["Census Tract 199, Philadelphia County, Pennsylvania","19498","4411","2321","1837","50600","42","101","019900"],
["Census Tract 204, Philadelphia County, Pennsylvania","23101","2497","799","1101","49400","42","101","020400"],
["Census Tract 237, Philadelphia County, Pennsylvania","52579","4528","443","2696","253100","42","101","023700"],
["Census Tract 20, Philadelphia County, Pennsylvania","34972","2111","294","1209","107600","42","101","002000"],
["Census Tract 39.01, Philadelphia County, Pennsylvania","34234","6065","1117","3566","159800","42","101","003901"],
["Census Tract 50, Philadelphia County, Pennsylvania","-666666666","0","0","0","-666666666","42","101","005000"],
["Census Tract 54, Philadelphia County, Pennsylvania","49293","1303","117","836","178200","42","101","005400"],
["Census Tract 60, Philadelphia County, Pennsylvania","38640","6055","1601","2935","119100","42","101","006000"],
["Census Tract 111, Philadelphia County, Pennsylvania","19105","3234","1589","1300","58000","42","101","011100"],
["Census Tract 82, Philadelphia County, Pennsylvania","35778","6896","1831","2829","93200","42","101","008200"],
["Census Tract 36, Philadelphia County, Pennsylvania","17683","6886","3169","2611","137600","42","101","003600"],
["Census Tract 170, Philadelphia County, Pennsylvania","31354","2988","771","1498","82200","42","101","017000"],
["Census Tract 243, Philadelphia County, Pennsylvania","25479","3915","1435","1653","125200","42","101","024300"],
["Census Tract 276, Philadelphia County, Pennsylvania","30587","3547","1022","1804","107900","42","101","027600"],
["Census Tract 16, Philadelphia County, Pennsylvania","73879","2017","136","1565","449000","42","101","001600"],
["Census Tract 39.02, Philadelphia County, Pennsylvania","60784","5626","409","3317","191400","42","101","003902"],
["Census Tract 78, Philadelphia County, Pennsylvania","41528","4088","809","2615","323500","42","101","007800"],
["Census Tract 93, Philadelphia County, Pennsylvania","25591","4215","1089","1734","72600","42","101","009300"],
["Census Tract 321, Philadelphia County, Pennsylvania","33214","4172","1077","1756","96800","42","101","032100"],
["Census Tract 214, Philadelphia County, Pennsylvania","64260","4279","857","3220","227400","42","101","021400"],
["Census Tract 349, Philadelphia County, Pennsylvania","42107","5508","931","2688","153700","42","101","034900"],
["Census Tract 269, Philadelphia County, Pennsylvania","53424","1877","277","969","263700","42","101","026900"],
["Census Tract 292, Philadelphia County, Pennsylvania","45162","4050","833","2122","109900","42","101","029200"],
["Census Tract 313, Philadelphia County, Pennsylvania","32096","6222","1883","2860","116500","42","101","031300"],
["Census Tract 325, Philadelphia County, Pennsylvania","35760","6047","1629","3033","108400","42","101","032500"],
["Census Tract 14, Philadelphia County, Pennsylvania","65471","4482","541","3211","433700","42","101","001400"],
["Census Tract 363.02, Philadelphia County, Pennsylvania","50739","3597","502","1692","179100","42","101","036302"]]
