tract_fips_suffix,city,county,pct_owner
010400,Claymont,New Castle,75.4
011500,,New Castle,86.9
013903,,New Castle,90.8
013100,,New Castle,79
000200,Wilmington,New Castle,54.4
002100,Wilmington,New Castle,35.3
016613,Middletown,New Castle,70.8
014813,,New Castle,59.9
013906,,New Castle,61.6
002700,Wilmington,New Castle,53.1
014909,,New Castle,52.1
010900,,New Castle,94.7
011300,,New Castle,81.4
014403,Newark,New Castle,43.5
014100,Brookside,New Castle,61.8
012500,,New Castle,73
015600,,New Castle,86.5
013300,,New Castle,93.4
013000,,New Castle,92.9
000400,Wilmington,New Castle,36.2
001100,Wilmington,New Castle,29.2
002300,Wilmington,New Castle,26.7
001500,Wilmington,New Castle,39.4
013614,,New Castle,58.2
016309,,New Castle,59.3
014814,Glasgow,New Castle,86.2
013507,Hockessin,New Castle,94.4
010703,Edgemoor,New Castle,78.3
016306,,New Castle,83.5
014907,,New Castle,72.4
013613,,New Castle,84.2
016200,New Castle,New Castle,49.4
013608,,New Castle,66
011000,,New Castle,97.3
003002,Wilmington,New Castle,26.7
016611,,New Castle,92.1
015802,,New Castle,85.1
002400,Wilmington,New Castle,72.3
016307,Bear,New Castle,98.2
014501,Newark,New Castle,1.5
011201,,New Castle,48.2
002600,Wilmington,New Castle,53.3
014703,Brookside,New Castle,48.7
013200,,New Castle,66.7
010106,,New Castle,14
012600,,New Castle,79.3
010502,,New Castle,72.5
016904,,New Castle,79.8
011204,,New Castle,86.6
011206,,New Castle,90.4
014200,,New Castle,83.1
014702,,New Castle,82.6
012200,,New Castle,57.3
014904,,New Castle,57.1
015200,,New Castle,72.7
016100,New Castle,New Castle,74.5
016401,,New Castle,95.1
013901,,New Castle,57.4
000500,Wilmington,New Castle,45.2
001200,Wilmington,New Castle,40.3
014809,Glasgow,New Castle,79.6
016805,,New Castle,93.4
016614,,New Castle,81.2
013905,,New Castle,26.3
016000,,New Castle,70.5
015100,Wilmington Manor,New Castle,81
013505,North Star,New Castle,72.8
013604,Pike Creek Valley,New Castle,82
016404,,New Castle,81.3
014000,,New Castle,55.4
002800,Wilmington,New Castle,18
000900,Wilmington,New Castle,40.3
001300,Wilmington,New Castle,88.8
001400,Wilmington,New Castle,56.6
011205,,New Castle,95.7
011400,,New Castle,94.4
011100,,New Castle,90.8
013700,,New Castle,50.9
014502,Newark,New Castle,14.1
014803,,New Castle,83.5
013506,North Star,New Castle,98.9
012100,,New Castle,66.7
012900,,New Castle,48.7
016301,Bear,New Castle,78
012400,Elsmere,New Castle,82
014903,Bear,New Castle,53.7
015502,,New Castle,79.8
012700,,New Castle,76
011900,Greenville,New Castle,81.4
014705,Brookside,New Castle,67.1
015900,,New Castle,90.5
010800,,New Castle,74.6
011202,,New Castle,97.6
011600,,New Castle,80.4
013800,,New Castle,57.9
014906,,New Castle,45.3
014811,,New Castle,96.4
016308,,New Castle,35.3
010704,Edgemoor,New Castle,46
014812,Glasgow,New Castle,94.2
010105,Claymont,New Castle,49.1
014301,,New Castle,97
016806,Middletown,New Castle,94.1
016610,Middletown,New Castle,65.2
016612,,New Castle,97.1
014302,Newark,New Castle,78.5
012300,Elsmere,New Castle,51.2
013610,Newark,New Castle,72.3
014808,,New Castle,72.8
014706,,New Castle,55.4
012000,,New Castle,76.9
015000,,New Castle,55.2
000300,Wilmington,New Castle,61.3
013611,Pike Creek Valley,New Castle,54.3
016901,,New Castle,90.6
002500,Wilmington,New Castle,75
000602,Wilmington,New Castle,56.1
001902,Wilmington,New Castle,24.1
013615,,New Castle,80.3
011203,,New Castle,64.6
014404,Newark,New Castle,60.5
011800,,New Castle,54
016807,,New Castle,96.1
014908,,New Castle,27.5
013501,Hockessin,New Castle,88.3
002900,Wilmington,New Castle,30.6
016808,,New Castle,95.3
013508,Hockessin,New Castle,91.2
013612,Pike Creek,New Castle,89.8
014402,Newark,New Castle,55.6
010104,Claymont,New Castle,27.8
013400,,New Castle,87.3
002200,Wilmington,New Castle,43.2
016609,,New Castle,99
980100,Wilmington,New Castle,
011700,,New Castle,91.2
016608,,New Castle,94.9
000601,Wilmington,New Castle,65.9
010300,Claymont,New Castle,73
013607,Pike Creek Valley,New Castle,68.8
010200,,New Castle,94.1
001600,Wilmington,New Castle,36.8
014810,,New Castle,76.2
015400,,New Castle,67.1
607802,Lindenwold,Camden,65.7
600400,Camden,Camden,30.6
607300,Magnolia,Camden,69.3
600200,Camden,Camden,40.4
608209,,Camden,46.8
600700,Camden,Camden,54.3
601900,Camden,Camden,37.1
501206,,Gloucester,65.7
501107,Oak Valley,Gloucester,86.9
700307,,Burlington,99.7
702811,,Burlington,93.6
702907,,Burlington,93.2
700403,,Burlington,77
700502,Moorestown-Lenola,Burlington,85.8
702805,,Burlington,90.6
701205,Burlington,Burlington,66.3
607507,Echelon,Camden,18.3
611500,,Camden,96.7
610400,Camden,Camden,39.6
501406,Glassboro,Gloucester,56.9
700407,,Burlington,16
500705,,Gloucester,88.6
500100,Westville,Gloucester,57.5
501302,Pitman,Gloucester,63.5
501403,Glassboro,Gloucester,68.4
501800,Newfield,Gloucester,91.4
501402,Glassboro,Gloucester,34.6
501606,,Gloucester,88
603002,,Camden,80.2
604600,Oaklyn,Camden,51.7
601700,Camden,Camden,14.1
605200,Gloucester City,Camden,78.9
604700,Oaklyn,Camden,83.4
606700,Barrington,Camden,53
608700,Berlin,Camden,70.6
601600,Camden,Camden,25.8
608800,,Camden,67.1
605100,Gloucester City,Camden,75.4
603504,Springdale,Camden,97
611600,Collingswood,Camden,36.1
501212,,Gloucester,83.7
501609,,Gloucester,82.4
700800,,Burlington,78
704005,Marlton,Burlington,72.5
704012,,Burlington,84.7
700503,Moorestown-Lenola,Burlington,83.7
702905,Ramblewood,Burlington,68.2
700702,,Burlington,50.1
702802,,Burlington,93.5
701204,Burlington,Burlington,42
700408,,Burlington,15.3
702915,,Burlington,75.8
702210,Browns Mills,Burlington,79.4
702917,,Burlington,73.9
702701,,Burlington,76
501501,Clayton,Gloucester,83.7
501502,Clayton,Gloucester,78.6
603201,Cherry Hill Mall,Camden,73.1
704600,,Burlington,53.2
701302,Roebling,Burlington,94.7
702603,,Burlington,41.4
603507,Springdale,Camden,76.6
605602,Audubon,Camden,81.5
603602,Barclay,Camden,96.5
500800,Wenonah,Gloucester,92.6
502300,Swedesboro,Gloucester,60.6
607506,Echelon,Camden,41
605700,Audubon,Camden,75.5
601000,Camden,Camden,46.4
608504,Pine Hill,Camden,42.4
704007,Marlton,Burlington,48.4
700405,,Burlington,81
611100,Bellmawr,Camden,50.4
603700,,Camden,64.3
702500,,Burlington,70.3
701301,Florence,Burlington,66.2
700703,,Burlington,49.6
702806,,Burlington,94.3
700304,,Burlington,94.2
610900,Audubon,Camden,50.3
501213,,Gloucester,79.1
704201,,Burlington,77.8
603202,Golden Triangle,Camden,54.9
603800,Westmont,Camden,83.1
607504,,Camden,97
501102,,Gloucester,63.7
501105,,Gloucester,48.1
611700,Mount Ephraim,Camden,77.2
600900,Camden,Camden,28.9
702910,,Burlington,73.9
701502,,Burlington,61.7
702809,,Burlington,52.7
501603,Williamstown,Gloucester,76.7
702918,,Burlington,76.8
501101,,Gloucester,61.9
606000,Haddon Heights,Camden,57.1
601300,Camden,Camden,33.2
607503,,Camden,74.1
702601,,Burlington,74.9
603100,Merchantville,Camden,56.9
602503,,Camden,79
603400,Kingston Estates,Camden,64.9
604100,Woodlynne,Camden,58.9
603902,Westmont,Camden,36.4
606800,Bellmawr,Camden,84.2
607100,Runnemede,Camden,94.2
607505,,Camden,97.8
603001,,Camden,81.1
609000,Chesilhurst,Camden,89
606500,Lawnside,Camden,64.7
607801,Lindenwold,Camden,24.1
608202,,Camden,71.4
607502,,Camden,90.1
604400,Collingswood,Camden,83.6
608403,Sicklerville,Camden,76.1
603501,Greentree,Camden,72.7
603603,Barclay,Camden,99.5
607402,Somerdale,Camden,76.4
606600,Barrington,Camden,48.5
501001,Woodbury,Gloucester,72.8
501301,Pitman,Gloucester,79.4
501204,,Gloucester,97.8
500201,,Gloucester,92.2
501704,,Gloucester,84.4
500204,,Gloucester,56.7
500203,,Gloucester,75.3
700602,,Burlington,85.7
701002,,Burlington,85.1
701303,,Burlington,89.6
703000,,Burlington,89.3
702807,,Burlington,62
702808,,Burlington,91.1
701401,,Burlington,94.8
704013,,Burlington,95.9
704011,,Burlington,97
700603,,Burlington,59.7
703802,,Burlington,73.3
700501,Moorestown-Lenola,Burlington,72.3
702101,McGuire AFB,Burlington,2.8
700200,Riverton,Burlington,76.8
703201,,Burlington,98.4
703203,Leisuretowne,Burlington,96.9
611400,Pine Hill,Camden,90.2
502001,,Gloucester,88.6
704801,,Burlington,24.2
702914,,Burlington,85
982111,McGuire AFB,Burlington,0
501209,,Gloucester,68.3
500205,Thorofare,Gloucester,77.6
501203,,Gloucester,94.4
501205,,Gloucester,63.2
501604,Williamstown,Gloucester,84.5
500202,,Gloucester,71
500300,National Park,Gloucester,86.2
500500,Gibbstown,Gloucester,90.6
502400,,Gloucester,97.5
501103,,Gloucester,95.9
500400,Paulsboro,Gloucester,61.7
500702,Sewell,Gloucester,95
501106,,Gloucester,93.5
501208,,Gloucester,89.4
501202,,Gloucester,96.3
603303,Ellisburg,Camden,43.5
608302,,Camden,51
608904,,Camden,97.8
601200,Camden,Camden,46.8
601102,Camden,Camden,52.8
608600,Clementon,Camden,60
607401,Somerdale,Camden,66.6
608503,Pine Hill,Camden,42.4
603302,Cherry Hill Mall,Camden,82.9
609204,Sicklerville,Camden,69.5
605300,Brooklawn,Camden,81.6
609201,Sicklerville,Camden,73.5
608404,Sicklerville,Camden,94.4
607200,Runnemede,Camden,58.2
608001,Stratford,Camden,49.6
605800,Haddon Heights,Camden,89.2
603503,Springdale,Camden,90.2
600800,Camden,Camden,24.5
601800,Camden,Camden,60.1
601400,Camden,Camden,30.1
607702,Lindenwold,Camden,47.2
607600,Gibbsboro,Camden,85.7
608205,,Camden,83.5
604300,Collingswood,Camden,63.9
701201,Burlington,Burlington,87.2
701203,Burlington,Burlington,56.9
701102,,Burlington,61.3
701105,,Burlington,84.2
700605,,Burlington,78.5
702204,,Burlington,74.7
704004,Marlton,Burlington,36.5
704006,,Burlington,74.6
703600,,Burlington,96.5
703803,,Burlington,93
703900,Medford Lakes,Burlington,90
700504,Moorestown-Lenola,Burlington,83.7
700103,Palmyra,Burlington,72.8
702203,,Burlington,60.5
703202,,Burlington,93.8
700900,Beverly,Burlington,73.5
701700,Bordentown,Burlington,55.1
608210,,Camden,26.3
608211,,Camden,64.9
611000,Gloucester City,Camden,40.4
611300,,Camden,79.5
610800,,Camden,77.4
608304,,Camden,76.7
610300,Camden,Camden,16.4
502002,Richwood,Gloucester,93.2
501405,Glassboro,Gloucester,81.9
704500,,Burlington,69.8
702209,Browns Mills,Burlington,83.7
704700,,Burlington,85.3
703104,,Burlington,87.8
981802,,Burlington,100
609206,Sicklerville,Camden,91.8
500602,,Gloucester,100
502203,,Gloucester,92.2
702208,,Burlington,87.8
703102,,Burlington,88.7
703804,,Burlington,100
702300,Pemberton,Burlington,65
702804,,Burlington,87.1
701104,,Burlington,73.1
700306,,Burlington,99.3
700303,,Burlington,61.3
700401,,Burlington,90.8
702810,,Burlington,82.7
701402,,Burlington,97.6
702207,,Burlington,72.7
610500,,Camden,77.5
501608,,Gloucester,88.6
607900,Laurel Springs,Camden,80
602901,,Camden,86.1
608206,Glendora,Camden,94.8
607701,Lindenwold,Camden,11.9
603901,Westmont,Camden,72.4
601500,Camden,Camden,19.1
605900,Haddon Heights,Camden,81.6
605400,Mount Ephraim,Camden,63.2
603301,Golden Triangle,Camden,66.4
609205,,Camden,84.8
609202,Sicklerville,Camden,69.7
501104,,Gloucester,87.9
501210,,Gloucester,94.9
501900,,Gloucester,88.7
500703,,Gloucester,89.1
501701,,Gloucester,97.4
501201,Turnersville,Gloucester,95.8
502100,,Gloucester,97.2
608303,,Camden,71.3
611200,Stratford,Camden,79.1
610600,,Camden,11.6
700402,,Burlington,86.7
702908,,Burlington,97.2
700701,,Burlington,68.3
701103,,Burlington,89.4
703103,,Burlington,53
501002,Woodbury,Gloucester,44.5
501703,,Gloucester,77.8
982200,Fort Dix,Burlington,0
502202,,Gloucester,58.8
704015,,Burlington,68.7
500601,,Gloucester,98
704016,,Burlington,95.3
701001,,Burlington,67.1
700102,Palmyra,Burlington,81.4
604200,Collingswood,Camden,54.4
601101,Camden,Camden,37.3
606400,Haddonfield,Camden,95.4
608901,Atco,Camden,72.8
704008,,Burlington,72.4
703700,,Burlington,93.3
700505,,Burlington,86.1
702206,,Burlington,84
702803,,Burlington,95.6
500704,,Gloucester,85.6
502201,,Gloucester,83.9
609207,,Camden,94.9
501702,,Gloucester,82
602601,,Camden,85.2
608401,Sicklerville,Camden,97.1
602000,Camden,Camden,43.1
606300,Haddonfield,Camden,69.2
608402,Sicklerville,Camden,96.8
603506,Greentree,Camden,90.6
702913,,Burlington,57
702702,,Burlington,97.2
607000,Bellmawr,Camden,57.6
608903,Atco,Camden,98.7
501404,Glassboro,Gloucester,32.6
702400,Jobstown,Burlington,92.9
702906,Ramblewood,Burlington,89
704302,,Burlington,96.2
702909,,Burlington,77
602602,,Camden,58.9
502204,,Gloucester,94.9
700305,,Burlington,87.8
704009,,Burlington,59.6
702801,,Burlington,81.9
501003,Woodbury,Gloucester,82.1
602902,,Camden,64.7
609103,,Camden,72.5
606200,Haddonfield,Camden,82.5
704202,,Burlington,58.3
501605,,Gloucester,92.9
603601,Ashland,Camden,82.3
501303,Pitman,Gloucester,76.6
603505,Ashland,Camden,97.6
703801,,Burlington,89.6
500900,Woodbury Heights,Gloucester,96.1
700104,Palmyra,Burlington,56.4
606100,Haddonfield,Camden,85.2
101607,,Bucks,78.9
102600,Telford,Bucks,52.3
100401,Levittown,Bucks,70.2
102102,,Bucks,91.9
104601,,Bucks,98.2
104603,,Bucks,81.7
104100,Dublin,Bucks,63.9
302804,,Chester,68.7
300900,Phoenixville,Chester,90.3
302400,West Chester,Chester,38.1
302901,,Chester,80.1
305600,Coatesville,Chester,53.8
202301,Elkins Park,Montgomery,80.8
205700,Bridgeport,Montgomery,43.3
201006,,Montgomery,97.6
203104,,Montgomery,77.5
205809,King of Prussia,Montgomery,86
201501,,Montgomery,44
204702,,Montgomery,90.3
203203,,Montgomery,66.8
207201,Souderton,Montgomery,74.7
208801,Pottstown,Montgomery,41.7
206400,Trappe,Montgomery,77.2
407202,,Delaware,77.8
409100,,Delaware,90.3
406700,,Delaware,49.4
403502,Glenolden,Delaware,87.2
409500,,Delaware,94.8
401000,Drexel Hill,Delaware,75.3
408103,Broomall,Delaware,60.1
404003,,Delaware,39
401700,East Lansdowne,Delaware,63.6
001700,Philadelphia,Philadelphia,65.6
002500,Philadelphia,Philadelphia,56.2
006100,Philadelphia,Philadelphia,83.2
007700,Philadelphia,Philadelphia,12
009200,Philadelphia,Philadelphia,34.3
011300,Philadelphia,Philadelphia,72.4
011500,Philadelphia,Philadelphia,78.5
013200,Philadelphia,Philadelphia,18.6
014000,Philadelphia,Philadelphia,19.7
016500,Philadelphia,Philadelphia,39.1
018300,Philadelphia,Philadelphia,93.4
019700,Philadelphia,Philadelphia,54.6
038700,Philadelphia,Philadelphia,76.7
026100,Philadelphia,Philadelphia,58.8
027901,Philadelphia,Philadelphia,66.5
029400,Philadelphia,Philadelphia,43.8
031000,Philadelphia,Philadelphia,58.7
032500,Philadelphia,Philadelphia,65.7
034600,Philadelphia,Philadelphia,33.8
034802,Philadelphia,Philadelphia,53.3
035900,Philadelphia,Philadelphia,65.4
017602,Philadelphia,Philadelphia,42.1
306501,,Chester,81.2
101504,,Bucks,76.9
100407,Levittown,Bucks,98.2
980500,Philadelphia,Philadelphia,
010300,Philadelphia,Philadelphia,54.2
000500,Philadelphia,Philadelphia,4.5
014800,Philadelphia,Philadelphia,28
200707,,Montgomery,36
203208,Blue Bell,Montgomery,85.4
105402,,Bucks,96.5
001204,Philadelphia,Philadelphia,32.8
000101,Philadelphia,Philadelphia,18.7
410402,,Delaware,96.8
980300,,Delaware,8.9
301002,,Chester,79.8
980903,Philadelphia,Philadelphia,
206202,Royersford,Montgomery,38.5
203901,Norristown,Montgomery,30.1
200306,,Montgomery,59.2
207003,Harleysville,Montgomery,57.4
200704,,Montgomery,60.8
204007,Plymouth Meeting,Montgomery,45.5
204010,,Montgomery,99.7
208906,Pottstown,Montgomery,57.7
205905,King of Prussia,Montgomery,41.8
205906,Swedeland,Montgomery,78.4
202202,Oak Lane,Montgomery,91.5
203801,Norristown,Montgomery,71.8
206106,,Montgomery,78.1
207900,Red Hill,Montgomery,73.2
203302,,Montgomery,90.8
201204,,Montgomery,87.6
201604,Roslyn,Montgomery,82.4
210200,Oreland,Montgomery,99.2
200800,Hatfield,Montgomery,48.4
101405,Feasterville,Bucks,62.8
100404,Levittown,Bucks,85.6
105010,,Bucks,87.5
105807,Fairless Hills,Bucks,48.7
103101,Quakertown,Bucks,56.9
105505,,Bucks,86.9
105808,Fairless Hills,Bucks,87.8
101611,,Bucks,90.9
100804,Levittown,Bucks,94.4
100212,,Bucks,91.7
100811,,Bucks,32.1
104901,,Bucks,96
305700,Coatesville,Chester,67.3
303902,,Chester,85.8
302803,,Chester,91
300201,Berwyn,Chester,78.4
300400,Malvern,Chester,55.5
303401,Kennett Square,Chester,55.3
300800,Phoenixville,Chester,42.2
300103,Paoli,Chester,62.1
302600,West Chester,Chester,32.9
302902,,Chester,85.8
303402,Kennett Square,Chester,58.6
306300,West Grove,Chester,76.5
404800,Chester,Delaware,37.1
404300,Eddystone,Delaware,63.2
400302,,Delaware,52.7
406100,Parkside,Delaware,77.5
408800,Ardmore,Delaware,86.7
401800,Lansdowne,Delaware,69.9
401101,Drexel Hill,Delaware,69.3
401302,Drexel Hill,Delaware,69.4
402400,Darby,Delaware,41.9
403001,,Delaware,87.7
400802,Drexel Hill,Delaware,73.3
401401,Drexel Hill,Delaware,78
406600,Marcus Hook,Delaware,35.8
000600,Philadelphia,Philadelphia,0.9
001500,Philadelphia,Philadelphia,53.5
002100,Philadelphia,Philadelphia,62.9
002900,Philadelphia,Philadelphia,61.3
003600,Philadelphia,Philadelphia,40.9
004101,Philadelphia,Philadelphia,65.4
004201,Philadelphia,Philadelphia,75.4
006200,Philadelphia,Philadelphia,44.4
006600,Philadelphia,Philadelphia,29.8
007300,Philadelphia,Philadelphia,49.4
008301,Philadelphia,Philadelphia,44.9
009300,Philadelphia,Philadelphia,53.9
010100,Philadelphia,Philadelphia,42.1
016300,Philadelphia,Philadelphia,51.2
016901,Philadelphia,Philadelphia,55.2
017500,Philadelphia,Philadelphia,48.8
018001,Philadelphia,Philadelphia,70.4
019502,Philadelphia,Philadelphia,52.1
019900,Philadelphia,Philadelphia,43.3
020200,Philadelphia,Philadelphia,62.8
021300,Philadelphia,Philadelphia,55.4
021800,Philadelphia,Philadelphia,32.1
024300,Philadelphia,Philadelphia,46
024800,Philadelphia,Philadelphia,68.6
026200,Philadelphia,Philadelphia,84.6
026700,Philadelphia,Philadelphia,78.7
027401,Philadelphia,Philadelphia,49.6
028700,Philadelphia,Philadelphia,55.1
028901,Philadelphia,Philadelphia,71.6
030100,Philadelphia,Philadelphia,53.1
030700,Philadelphia,Philadelphia,28.7
031300,Philadelphia,Philadelphia,59.2
032600,Philadelphia,Philadelphia,76.9
033600,Philadelphia,Philadelphia,56.7
036501,Philadelphia,Philadelphia,64.8
008302,Philadelphia,Philadelphia,47
203204,,Montgomery,74.6
200708,,Montgomery,73.1
201608,,Montgomery,83
980600,Philadelphia,Philadelphia,
037600,Philadelphia,Philadelphia,27
034501,Philadelphia,Philadelphia,18
002000,Philadelphia,Philadelphia,49.7
015600,Philadelphia,Philadelphia,44.5
025800,Philadelphia,Philadelphia,79.7
400900,Drexel Hill,Delaware,94.6
301900,,Chester,93.6
303302,,Chester,82.3
104204,,Bucks,88.6
105510,,Bucks,59.8
105011,,Bucks,95.5
101807,,Bucks,69.8
000701,Philadelphia,Philadelphia,23.9
980003,Philadelphia,Philadelphia,
038301,Philadelphia,Philadelphia,61.6
101809,,Bucks,95.7
106201,,Bucks,76.9
106202,,Bucks,42
000102,Philadelphia,Philadelphia,38.6
020701,Philadelphia,Philadelphia,54.4
300202,,Chester,98.6
300104,,Chester,89.1
302704,,Chester,95.7
980902,Philadelphia,Philadelphia,
205806,,Montgomery,59.2
203601,Norristown,Montgomery,42.1
205502,,Montgomery,99.7
201706,,Montgomery,77.4
200903,Lansdale,Montgomery,44.4
208703,Sanatoga,Montgomery,78.4
100104,,Bucks,29.9
101506,,Bucks,91.2
100805,Levittown,Bucks,86.7
105812,Levittown,Bucks,94.8
208303,,Montgomery,98.6
980200,,Delaware,
401303,Drexel Hill,Delaware,2.5
410403,,Delaware,97.3
304503,,Chester,91.3
302807,,Chester,45
302806,,Chester,68.2
105013,Richboro,Bucks,97.3
102401,Perkasie,Bucks,61
036700,Philadelphia,Philadelphia,50.3
014500,Philadelphia,Philadelphia,31.2
204009,Plymouth Meeting,Montgomery,52.4
001800,Philadelphia,Philadelphia,44.2
003002,Philadelphia,Philadelphia,48.3
006700,Philadelphia,Philadelphia,42
011200,Philadelphia,Philadelphia,47.8
013401,Philadelphia,Philadelphia,55.9
017701,Philadelphia,Philadelphia,55.3
021100,Philadelphia,Philadelphia,66.4
026800,Philadelphia,Philadelphia,28.4
031102,Philadelphia,Philadelphia,53.4
033900,Philadelphia,Philadelphia,53.3
035500,Philadelphia,Philadelphia,69.6
405100,Chester,Delaware,48.9
403101,Collingdale,Delaware,50
403501,Glenolden,Delaware,70.1
406903,Village Green-Green Ridge,Delaware,90.4
407804,,Delaware,94.6
406801,,Delaware,75.1
403800,Prospect Park,Delaware,58
400600,,Delaware,64.8
200605,,Montgomery,95.6
200606,Montgomeryville,Montgomery,75.2
010400,Philadelphia,Philadelphia,31.9
010600,Philadelphia,Philadelphia,35
008000,Philadelphia,Philadelphia,48.2
010000,Philadelphia,Philadelphia,58.8
015101,Philadelphia,Philadelphia,42.2
038500,Philadelphia,Philadelphia,61.5
026400,Philadelphia,Philadelphia,74.6
206904,,Montgomery,50.9
210300,,Montgomery,70.7
200902,Lansdale,Montgomery,45.6
106100,Langhorne,Bucks,67.3
104702,Doylestown,Bucks,33
302207,,Chester,3.1
300700,Phoenixville,Chester,44
302706,,Chester,62.6
100214,,Bucks,37.3
410401,,Delaware,100
303803,,Chester,98.4
203401,,Montgomery,64.9
004103,Philadelphia,Philadelphia,57.5
409803,Wayne,Delaware,66.5
306503,Toughkenamon,Chester,59.8
101805,,Bucks,87.8
016200,Philadelphia,Philadelphia,47.6
200607,,Montgomery,94.7
000902,Philadelphia,Philadelphia,16.2
006400,Philadelphia,Philadelphia,56.4
012100,Philadelphia,Philadelphia,31
024400,Philadelphia,Philadelphia,58.7
027100,Philadelphia,Philadelphia,73.2
034100,Philadelphia,Philadelphia,49.2
204500,Merion Station,Montgomery,86.7
210500,Wyndmoor,Montgomery,82.3
201407,,Montgomery,94.2
016001,Philadelphia,Philadelphia,84.5
980906,Philadelphia,Philadelphia,
311300,,Chester,98.5
104304,,Bucks,99.2
100207,,Bucks,53.8
100306,,Bucks,52.1
101505,,Bucks,96.8
307400,Parkesburg,Chester,59.9
302702,,Chester,53.8
105401,,Bucks,94
206201,Royersford,Montgomery,52.8
001101,Philadelphia,Philadelphia,23.8
007800,Philadelphia,Philadelphia,22.8
008801,Philadelphia,Philadelphia,0
019501,Philadelphia,Philadelphia,33.1
025400,Philadelphia,Philadelphia,55.3
029100,Philadelphia,Philadelphia,44.8
031501,Philadelphia,Philadelphia,55.1
980905,Philadelphia,Philadelphia,
013300,Philadelphia,Philadelphia,23.5
024000,Philadelphia,Philadelphia,34.5
200401,Hatboro,Montgomery,55.1
205807,King of Prussia,Montgomery,33.1
201800,,Montgomery,51.1
203106,,Montgomery,29.3
206901,,Montgomery,57.8
404700,Chester,Delaware,22.5
401200,Drexel Hill,Delaware,76.1
101503,,Bucks,87.5
106000,,Bucks,63.8
404101,Woodlyn,Delaware,77.3
304102,Downingtown,Chester,55.6
302203,,Chester,87.9
302705,,Chester,66.2
101605,Warminster Heights,Bucks,19.2
103400,,Bucks,90.8
407502,Media,Delaware,26.3
408102,Broomall,Delaware,88
407805,,Delaware,86.3
020702,Philadelphia,Philadelphia,59.8
204200,West Conshohocken,Montgomery,74.9
000200,Philadelphia,Philadelphia,41.7
022000,Philadelphia,Philadelphia,59.4
304101,Downingtown,Chester,44.1
302300,West Chester,Chester,28
202604,,Montgomery,75
205600,Narberth,Montgomery,55.3
001201,Philadelphia,Philadelphia,46.2
004002,Philadelphia,Philadelphia,70.1
010700,Philadelphia,Philadelphia,24.7
017800,Philadelphia,Philadelphia,37
031200,Philadelphia,Philadelphia,38.7
035601,Philadelphia,Philadelphia,65.6
410305,,Delaware,47.9
021900,Philadelphia,Philadelphia,88.5
100809,Woodbourne,Bucks,78.9
105004,Churchville,Bucks,95.7
302000,,Chester,91.3
407806,,Delaware,81.4
402600,Darby,Delaware,50.2
203602,Norristown,Montgomery,79.7
008101,Philadelphia,Philadelphia,57.5
033300,Philadelphia,Philadelphia,47.7
402500,Darby,Delaware,56.6
980100,Villanova,Delaware,100
401402,Drexel Hill,Delaware,53.9
007101,Philadelphia,Philadelphia,36.9
000806,Philadelphia,Philadelphia,23.9
980904,Philadelphia,Philadelphia,
208905,Pottstown,Montgomery,73.5
105600,Yardley,Bucks,72.5
037200,Philadelphia,Philadelphia,74.9
014700,Philadelphia,Philadelphia,10.5
015800,Philadelphia,Philadelphia,59.5
020300,Philadelphia,Philadelphia,60.5
027300,Philadelphia,Philadelphia,57
028300,Philadelphia,Philadelphia,52
030200,Philadelphia,Philadelphia,61
031502,Philadelphia,Philadelphia,51.8
200703,,Montgomery,82
001102,Philadelphia,Philadelphia,47.2
105008,,Bucks,98.4
206501,,Montgomery,92.8
100208,,Bucks,56.5
105704,Morrisville,Bucks,70.2
100500,Bristol,Bucks,76.9
100211,,Bucks,63.2
102500,Sellersville,Bucks,68
100307,Croydon,Bucks,51.9
105009,Village Shires,Bucks,71.8
105811,Levittown,Bucks,84.9
103103,Quakertown,Bucks,52.9
102700,,Bucks,77.5
105203,,Bucks,92.3
101401,,Bucks,87.3
102300,,Bucks,85.9
104703,Doylestown,Bucks,79.6
100900,,Bucks,92.4
100402,Levittown,Bucks,88.5
304300,,Chester,96.8
301300,,Chester,86.5
306000,,Chester,90.2
311100,,Chester,80.8
100807,,Bucks,68.2
101900,Chalfont,Bucks,82.7
105809,Fairless Hills,Bucks,94.1
103102,Quakertown,Bucks,57.7
307100,,Chester,93.9
311200,,Chester,72
300107,,Chester,90
304405,,Chester,96.7
311800,,Chester,85.3
306600,,Chester,95.7
301500,,Chester,91.3
311000,,Chester,83.2
311401,Caln,Chester,64.1
207101,,Montgomery,76.2
202000,Rockledge,Montgomery,70.9
208603,,Montgomery,85.4
204701,,Montgomery,74.4
207600,,Montgomery,82.7
209100,Halfway House,Montgomery,89
207500,,Montgomery,91.6
201302,Ambler,Montgomery,51.6
202602,Wyncote,Montgomery,61.5
200402,Hatboro,Montgomery,61.8
201605,Roslyn,Montgomery,96.8
201406,,Montgomery,86.3
208000,Pennsburg,Montgomery,73.7
204002,,Montgomery,64.7
206704,,Montgomery,97.2
201100,North Wales,Montgomery,74.4
201606,Roslyn,Montgomery,73
203803,Norristown,Montgomery,27
208201,,Montgomery,96.6
207004,Harleysville,Montgomery,75.7
200908,Lansdale,Montgomery,44.4
204600,,Montgomery,96.4
206600,Schwenksville,Montgomery,58.4
207103,,Montgomery,97.7
206005,Trooper,Montgomery,94.7
200301,,Montgomery,42.5
206300,Collegeville,Montgomery,75.8
208204,,Montgomery,88.9
210600,,Montgomery,71.7
407600,Swarthmore,Delaware,76
409903,,Delaware,81.6
410601,Folsom,Delaware,79.7
404004,,Delaware,82.3
403002,,Delaware,69.1
405300,Chester,Delaware,52.2
403401,Folcroft,Delaware,63.2
402900,,Delaware,63.3
406201,Brookhaven,Delaware,89.3
403104,Collingdale,Delaware,45.3
403902,Ridley Park,Delaware,86.5
407802,,Delaware,94.9
404400,Chester,Delaware,58.6
407102,,Delaware,96.7
402000,Lansdowne,Delaware,52.6
407401,,Delaware,81.4
409601,,Delaware,67.2
401502,,Delaware,41.4
406904,,Delaware,87.9
400700,,Delaware,72.7
404900,Chester,Delaware,49.6
002400,Philadelphia,Philadelphia,48.9
002802,Philadelphia,Philadelphia,68
003200,Philadelphia,Philadelphia,67.4
036303,Philadelphia,Philadelphia,92.4
005400,Philadelphia,Philadelphia,39.2
007000,Philadelphia,Philadelphia,34.4
007400,Philadelphia,Philadelphia,39.4
017601,Philadelphia,Philadelphia,35.8
008602,Philadelphia,Philadelphia,25
009400,Philadelphia,Philadelphia,24.5
009801,Philadelphia,Philadelphia,54.2
010200,Philadelphia,Philadelphia,32.9
010900,Philadelphia,Philadelphia,22.6
011100,Philadelphia,Philadelphia,48.8
011400,Philadelphia,Philadelphia,48.1
012000,Philadelphia,Philadelphia,40.2
013100,Philadelphia,Philadelphia,25.2
013402,Philadelphia,Philadelphia,26.7
013602,Philadelphia,Philadelphia,54.1
037700,Philadelphia,Philadelphia,12.8
016400,Philadelphia,Philadelphia,38.5
016902,Philadelphia,Philadelphia,54.5
017100,Philadelphia,Philadelphia,49.3
038200,Philadelphia,Philadelphia,74.3
019200,Philadelphia,Philadelphia,55.4
020101,Philadelphia,Philadelphia,27.7
020900,Philadelphia,Philadelphia,53.3
021700,Philadelphia,Philadelphia,65.5
023700,Philadelphia,Philadelphia,36.6
024900,Philadelphia,Philadelphia,64.7
025300,Philadelphia,Philadelphia,62.4
026500,Philadelphia,Philadelphia,76.7
026600,Philadelphia,Philadelphia,85
027402,Philadelphia,Philadelphia,96.2
028400,Philadelphia,Philadelphia,59.4
028800,Philadelphia,Philadelphia,75.4
030502,Philadelphia,Philadelphia,76.7
030501,Philadelphia,Philadelphia,61.4
031402,Philadelphia,Philadelphia,54
032300,Philadelphia,Philadelphia,45
033101,Philadelphia,Philadelphia,73.2
033500,Philadelphia,Philadelphia,45.1
033701,Philadelphia,Philadelphia,35.1
033800,Philadelphia,Philadelphia,60.1
034400,Philadelphia,Philadelphia,94.1
034701,Philadelphia,Philadelphia,77.6
034900,Philadelphia,Philadelphia,57
035200,Philadelphia,Philadelphia,78.3
036100,Philadelphia,Philadelphia,74.8
036301,Philadelphia,Philadelphia,75.8
036203,Philadelphia,Philadelphia,88.9
001002,Philadelphia,Philadelphia,63.1
001001,Philadelphia,Philadelphia,56.7
000803,Philadelphia,Philadelphia,41.3
980200,Philadelphia,Philadelphia,100
012203,Philadelphia,Philadelphia,0
036000,Philadelphia,Philadelphia,61.3
009500,Philadelphia,Philadelphia,45.7
010500,Philadelphia,Philadelphia,21.2
024100,Philadelphia,Philadelphia,22.8
013601,Philadelphia,Philadelphia,65.7
038100,Philadelphia,Philadelphia,36.5
304406,Eagleview,Chester,59.5
303501,,Chester,94.8
306504,,Chester,82.7
200505,,Montgomery,69.2
201004,,Montgomery,54.3
210100,Oreland,Montgomery,89.8
202302,Elkins Park,Montgomery,79.2
306700,,Chester,94
308101,,Chester,93.3
102402,Perkasie,Bucks,73.4
989300,Philadelphia,Philadelphia,
004104,Philadelphia,Philadelphia,53.2
013702,Philadelphia,Philadelphia,53.8
980901,Philadelphia,Philadelphia,
001203,Philadelphia,Philadelphia,31.2
980701,Philadelphia,Philadelphia,
311702,,Chester,93.1
204104,Conshohocken,Montgomery,43
205402,Ardmore,Montgomery,55
205401,Wynnewood,Montgomery,55.4
410102,,Delaware,100
401503,,Delaware,90
980000,,Bucks,
039100,Philadelphia,Philadelphia,17.4
200907,Lansdale,Montgomery,70.7
203207,Blue Bell,Montgomery,83.8
200310,,Montgomery,81.4
200502,Horsham,Montgomery,39
201705,Glenside,Montgomery,75.1
204101,Conshohocken,Montgomery,71.6
203402,,Montgomery,64.7
203000,,Montgomery,75.2
205100,,Montgomery,42.9
208704,Sanatoga,Montgomery,65.1
207300,Telford,Montgomery,71.4
206906,,Montgomery,75.8
208100,East Greenville,Montgomery,59.7
205808,King of Prussia,Montgomery,77.1
201404,Fort Washington,Montgomery,72.9
208901,Pottstown,Montgomery,61.9
204400,Bala Cynwyd,Montgomery,71.9
209000,Pottstown,Montgomery,56.6
207104,,Montgomery,75.8
200501,Horsham,Montgomery,97.4
206006,Audubon,Montgomery,56.6
200104,,Montgomery,95.2
201902,McKinley,Montgomery,62.9
202100,Jenkintown,Montgomery,67.3
202603,Glenside,Montgomery,81.7
202402,Melrose Park,Montgomery,82.1
201203,Spring House,Montgomery,72.8
200906,Lansdale,Montgomery,61
201005,,Montgomery,98.9
209201,Stowe,Montgomery,62.1
203500,Norristown,Montgomery,46.4
204300,Bala Cynwyd,Montgomery,55.1
208301,,Montgomery,97
208702,Pottsgrove,Montgomery,94.6
207001,,Montgomery,78.9
205501,Ardmore,Montgomery,55.2
205300,Ardmore,Montgomery,43.4
200105,,Montgomery,88.1
201704,,Montgomery,89.1
208203,Gilbertsville,Montgomery,81.1
208604,,Montgomery,72.9
203303,,Montgomery,58.9
301700,,Chester,90.2
304201,,Chester,75.3
311404,,Chester,98.9
301100,Spring City,Chester,53.8
301401,Kenilworth,Chester,53.3
300600,Phoenixville,Chester,63.9
307200,,Chester,87.8
304900,,Chester,75.3
301402,,Chester,89.8
307300,,Chester,84.9
300106,Chesterbrook,Chester,61.5
303801,,Chester,93.7
304403,Lionville,Chester,80.7
307700,,Chester,78.3
311500,,Chester,81.4
300303,Paoli,Chester,89.7
410200,,Delaware,92.1
103700,,Bucks,78.8
105702,Morrisville,Bucks,50
102003,,Bucks,89.1
106600,,Bucks,84.8
101609,,Bucks,88.6
105006,,Bucks,95.4
100600,Bristol,Bucks,56
102801,,Bucks,94.7
104502,,Bucks,90
101610,,Bucks,93
102004,Brittany Farms-The Highlands,Bucks,73.1
105509,,Bucks,97.6
100103,Andalusia,Bucks,61.3
100408,Levittown,Bucks,88.5
100406,,Bucks,65.4
106500,,Bucks,83
106402,Milford Square,Bucks,89.3
105900,Tullytown,Bucks,57.2
105300,Newtown,Bucks,73.2
101100,Penndel,Bucks,44.5
104303,,Bucks,90.5
100206,,Bucks,59.6
100403,,Bucks,89.2
100304,,Bucks,37.6
104201,,Bucks,94.5
408400,,Delaware,63
408600,,Delaware,91.7
407801,,Delaware,97.6
403901,Ridley Park,Delaware,42.1
405200,Chester,Delaware,36.5
410500,,Delaware,49.1
409701,,Delaware,91.1
408002,,Delaware,86.3
403702,,Delaware,63.8
403601,Norwood,Delaware,68
403602,Norwood,Delaware,94
410800,,Delaware,90.9
406802,,Delaware,89.3
404102,Woodlyn,Delaware,60.4
409200,,Delaware,93.6
407902,,Delaware,62.5
408900,,Delaware,96.4
406902,Village Green-Green Ridge,Delaware,94.7
405400,Chester,Delaware,43.7
400401,,Delaware,44.4
406300,Upland,Delaware,42.3
407000,Chester Heights,Delaware,75.9
407803,,Delaware,94.9
401900,Lansdowne,Delaware,74.9
400301,,Delaware,37.7
403402,Folcroft,Delaware,71.2
407903,,Delaware,60.8
400500,,Delaware,55.2
407404,,Delaware,93.2
408300,,Delaware,82.9
404500,Chester,Delaware,32.8
407201,Lima,Delaware,57.3
000901,Philadelphia,Philadelphia,13.4
001400,Philadelphia,Philadelphia,44.7
001900,Philadelphia,Philadelphia,49.4
002200,Philadelphia,Philadelphia,50.3
002701,Philadelphia,Philadelphia,61.6
003001,Philadelphia,Philadelphia,59.4
003100,Philadelphia,Philadelphia,63.5
003300,Philadelphia,Philadelphia,36.2
003702,Philadelphia,Philadelphia,58.2
035301,Philadelphia,Philadelphia,69.3
003901,Philadelphia,Philadelphia,47.2
035701,Philadelphia,Philadelphia,35
006000,Philadelphia,Philadelphia,59.3
006300,Philadelphia,Philadelphia,23.7
006500,Philadelphia,Philadelphia,39.5
007102,Philadelphia,Philadelphia,53.2
008102,Philadelphia,Philadelphia,62.9
008200,Philadelphia,Philadelphia,71.8
008500,Philadelphia,Philadelphia,41.2
008701,Philadelphia,Philadelphia,9
009600,Philadelphia,Philadelphia,39.8
009802,Philadelphia,Philadelphia,77.6
013500,Philadelphia,Philadelphia,58.4
013900,Philadelphia,Philadelphia,25.4
014900,Philadelphia,Philadelphia,42.6
015200,Philadelphia,Philadelphia,30.4
015700,Philadelphia,Philadelphia,56
016100,Philadelphia,Philadelphia,38.5
016600,Philadelphia,Philadelphia,25.8
016800,Philadelphia,Philadelphia,62
017000,Philadelphia,Philadelphia,19.1
017202,Philadelphia,Philadelphia,58.1
017900,Philadelphia,Philadelphia,48.3
018002,Philadelphia,Philadelphia,71.7
035702,Philadelphia,Philadelphia,42.1
037900,Philadelphia,Philadelphia,75.9
019100,Philadelphia,Philadelphia,90.7
019800,Philadelphia,Philadelphia,69.8
020102,Philadelphia,Philadelphia,51.7
021000,Philadelphia,Philadelphia,52.5
021200,Philadelphia,Philadelphia,70.9
021500,Philadelphia,Philadelphia,65.7
021600,Philadelphia,Philadelphia,30.6
023800,Philadelphia,Philadelphia,34.6
023900,Philadelphia,Philadelphia,15.5
024500,Philadelphia,Philadelphia,35.1
024700,Philadelphia,Philadelphia,53.9
025500,Philadelphia,Philadelphia,76.8
025700,Philadelphia,Philadelphia,26
026302,Philadelphia,Philadelphia,75.5
034801,Philadelphia,Philadelphia,41.8
027000,Philadelphia,Philadelphia,70.9
027500,Philadelphia,Philadelphia,76.4
027700,Philadelphia,Philadelphia,59.6
028000,Philadelphia,Philadelphia,64.9
028100,Philadelphia,Philadelphia,73.8
028200,Philadelphia,Philadelphia,45.8
028902,Philadelphia,Philadelphia,67.8
029200,Philadelphia,Philadelphia,87.9
029800,Philadelphia,Philadelphia,45.7
029900,Philadelphia,Philadelphia,40.7
030600,Philadelphia,Philadelphia,61.7
030900,Philadelphia,Philadelphia,54.1
031101,Philadelphia,Philadelphia,46.8
031401,Philadelphia,Philadelphia,48.3
031700,Philadelphia,Philadelphia,76.1
032000,Philadelphia,Philadelphia,71.3
032100,Philadelphia,Philadelphia,47.4
032900,Philadelphia,Philadelphia,54.8
033400,Philadelphia,Philadelphia,54.2
033702,Philadelphia,Philadelphia,63.5
035302,Philadelphia,Philadelphia,57.6
036400,Philadelphia,Philadelphia,96.1
200507,Horsham,Montgomery,81.3
200603,Montgomeryville,Montgomery,95.8
202401,,Montgomery,0
206004,Eagleville,Montgomery,59
208400,,Montgomery,71.6
206502,,Montgomery,86.2
014100,Philadelphia,Philadelphia,22.7
017400,Philadelphia,Philadelphia,59.1
020600,Philadelphia,Philadelphia,28.7
029300,Philadelphia,Philadelphia,61.6
002702,Philadelphia,Philadelphia,66.4
038000,Philadelphia,Philadelphia,82.6
038600,Philadelphia,Philadelphia,81.3
008601,Philadelphia,Philadelphia,20.6
037500,Philadelphia,Philadelphia,57.3
037800,Philadelphia,Philadelphia,58.3
105100,,Bucks,87.9
105208,,Bucks,100
100700,Bristol,Bucks,54
023100,Philadelphia,Philadelphia,78
980300,Philadelphia,Philadelphia,
980400,Philadelphia,Philadelphia,
011700,Philadelphia,Philadelphia,75.6
300301,,Chester,92.6
302703,,Chester,85.7
303301,,Chester,69.6
305000,Honey Brook,Chester,78.9
306900,,Chester,93.9
308200,Nottingham,Chester,82.4
311403,,Chester,92.8
402300,Yeadon,Delaware,28.6
000404,Philadelphia,Philadelphia,45.1
000805,Philadelphia,Philadelphia,20.9
013701,Philadelphia,Philadelphia,36.5
001301,Philadelphia,Philadelphia,57.8
104203,,Bucks,89.3
105511,,Bucks,93.2
101808,,Bucks,47.5
101802,,Bucks,95.7
018801,Philadelphia,Philadelphia,48.8
036901,Philadelphia,Philadelphia,100
980001,Philadelphia,Philadelphia,
012502,Philadelphia,Philadelphia,19.3
406401,,Delaware,63.9
302802,,Chester,92.9
305102,,Chester,90.2
307900,,Chester,90.6
305400,Coatesville,Chester,23.4
308102,,Chester,88.9
300501,,Chester,94.1
305500,Coatesville,Chester,32.9
202500,,Montgomery,43
204800,,Montgomery,86.9
204900,Villanova,Montgomery,97.2
208802,Pottstown,Montgomery,47.9
207800,,Montgomery,95.5
201411,Fort Washington,Montgomery,79.5
200602,Montgomeryville,Montgomery,85.3
206104,,Montgomery,75.2
205904,,Montgomery,92.6
206801,,Montgomery,83.3
207202,Souderton,Montgomery,55.2
205805,King of Prussia,Montgomery,77.2
201301,Ambler,Montgomery,48
100102,,Bucks,34.8
100210,,Bucks,95.8
104000,,Bucks,79.7
100201,,Bucks,95.2
100803,Levittown,Bucks,86.2
105506,,Bucks,99.3
205811,King of Prussia,Montgomery,5.7
980000,,Montgomery,
206108,Oaks,Montgomery,85.2
980100,,Montgomery,
203701,Norristown,Montgomery,54.9
208304,,Montgomery,98.2
102002,,Bucks,92.2
105801,,Bucks,59.5
100105,Cornwells Heights,Bucks,80.1
105003,Richboro,Bucks,99
410101,,Delaware,88.1
410303,,Delaware,92.3
410306,,Delaware,98.5
406805,,Delaware,66.1
980000,West Chester,Chester,
303100,,Chester,98.6
302104,,Chester,63.6
302206,,Chester,48.3
311701,,Chester,89.3
104503,,Bucks,91.7
106401,,Bucks,96.1
036600,Philadelphia,Philadelphia,49.6
005600,Philadelphia,Philadelphia,7.3
035100,Philadelphia,Philadelphia,71.4
304600,Glenmoore,Chester,94.3
305101,,Chester,84.3
410700,Chester,Delaware,29.5
201408,,Montgomery,80.8
201201,,Montgomery,76.9
206105,,Montgomery,96.2
036502,Philadelphia,Philadelphia,72.1
004202,Philadelphia,Philadelphia,73.2
008702,Philadelphia,Philadelphia,7
010800,Philadelphia,Philadelphia,37.8
011900,Philadelphia,Philadelphia,51.3
012204,Philadelphia,Philadelphia,47.3
016702,Philadelphia,Philadelphia,37.8
018400,Philadelphia,Philadelphia,89.1
020000,Philadelphia,Philadelphia,30.3
023600,Philadelphia,Philadelphia,60.7
026000,Philadelphia,Philadelphia,78.9
027600,Philadelphia,Philadelphia,45.5
028600,Philadelphia,Philadelphia,63.9
030000,Philadelphia,Philadelphia,57.2
031900,Philadelphia,Philadelphia,56.1
034502,Philadelphia,Philadelphia,45.2
409602,Rosemont,Delaware,33.9
410602,Folsom,Delaware,92.9
408001,,Delaware,95.6
406500,Trainer,Delaware,71.7
403701,,Delaware,68.3
410000,,Delaware,78.3
401104,Drexel Hill,Delaware,70.7
403200,Aldan,Delaware,73.5
407101,,Delaware,76.1
407700,Morton,Delaware,59.3
034803,Philadelphia,Philadelphia,78.9
035800,Philadelphia,Philadelphia,75.1
034702,Philadelphia,Philadelphia,93.8
408700,,Delaware,83.7
408500,,Delaware,85
407901,,Delaware,98.3
400402,,Delaware,47.5
206007,Audubon,Montgomery,72.6
208904,Pottstown,Montgomery,31
037300,Philadelphia,Philadelphia,59.8
020800,Philadelphia,Philadelphia,32.5
989100,Philadelphia,Philadelphia,
980000,,Delaware,
409902,,Delaware,71.1
402800,Sharon Hill,Delaware,58
409000,,Delaware,86.1
403300,Clifton Heights,Delaware,73.9
404600,Chester,Delaware,54.6
204103,Conshohocken,Montgomery,20.9
001600,Philadelphia,Philadelphia,52.7
012201,Philadelphia,Philadelphia,0
303804,,Chester,97.8
100213,,Bucks,47.7
016002,Philadelphia,Philadelphia,61
000403,Philadelphia,Philadelphia,64.1
206802,,Montgomery,90.8
203103,Plymouth Meeting,Montgomery,90.1
980300,King of Prussia,Montgomery,
206703,Skippack,Montgomery,91.2
202201,,Montgomery,75.9
989200,Philadelphia,Philadelphia,
014202,Philadelphia,Philadelphia,44.1
201409,Maple Glen,Montgomery,96.9
201703,,Montgomery,91.7
201603,Willow Grove,Montgomery,87.9
105810,Levittown,Bucks,88.9
104400,New Hope,Bucks,71.2
101404,,Bucks,90.3
103300,,Bucks,88.2
103800,,Bucks,87
008400,Philadelphia,Philadelphia,59.5
009000,Philadelphia,Philadelphia,10.7
014300,Philadelphia,Philadelphia,70.2
024200,Philadelphia,Philadelphia,38
038900,Philadelphia,Philadelphia,73
027200,Philadelphia,Philadelphia,73.3
027800,Philadelphia,Philadelphia,30.2
307000,,Chester,78.1
300101,,Chester,79.9
307800,,Chester,89.7
300302,,Chester,96.2
300108,,Chester,58.5
026900,Philadelphia,Philadelphia,64.1
002801,Philadelphia,Philadelphia,48.3
036201,Philadelphia,Philadelphia,71
005500,Philadelphia,Philadelphia,64.7
014400,Philadelphia,Philadelphia,32.4
206107,,Montgomery,79.1
980200,,Montgomery,
301800,,Chester,79.4
406402,,Delaware,39.8
311600,South Coatesville,Chester,60.3
017702,Philadelphia,Philadelphia,42.1
020400,Philadelphia,Philadelphia,68.6
038800,Philadelphia,Philadelphia,64.9
209202,Stowe,Montgomery,67.5
205503,Penn Wynne,Montgomery,86
201607,,Montgomery,87
200308,Willow Grove,Montgomery,42.7
207400,,Montgomery,92.6
200305,,Montgomery,82.3
204008,,Montgomery,64.6
980702,Philadelphia,Philadelphia,
014201,Philadelphia,Philadelphia,38.9
200506,,Montgomery,91.1
304502,,Chester,99.1
104800,New Britain,Bucks,80.4
100808,,Bucks,72.6
101403,,Bucks,97.9
304000,,Chester,50.6
300502,,Chester,89.8
009100,Philadelphia,Philadelphia,6.7
011000,Philadelphia,Philadelphia,30.9
015300,Philadelphia,Philadelphia,21
017300,Philadelphia,Philadelphia,34.3
020500,Philadelphia,Philadelphia,37.9
029000,Philadelphia,Philadelphia,82.2
031600,Philadelphia,Philadelphia,63.2
035602,Philadelphia,Philadelphia,85.9
104902,,Bucks,95.2
408101,,Delaware,86.4
409300,,Delaware,87.1
400801,,Delaware,9.7
405000,Chester,Delaware,39.8
205810,King of Prussia,Montgomery,31.4
303000,,Chester,76.5
300109,,Chester,97.1
302204,,Chester,78.5
402200,Yeadon,Delaware,46.7
401103,Drexel Hill,Delaware,74.9
409400,,Delaware,92.1
304504,,Chester,88.5
105202,,Bucks,75.3
101603,,Bucks,71.5
105206,,Bucks,87.1
208500,,Montgomery,84.8
201410,,Montgomery,80.4
210400,Flourtown,Montgomery,79.1
103900,,Bucks,89.6
106300,,Bucks,78.5
105507,,Bucks,98.2
104701,Doylestown,Bucks,41.2
104301,,Bucks,93.2
406202,Brookhaven,Delaware,82.6
401600,,Delaware,56.1
039001,Philadelphia,Philadelphia,48.1
980002,Philadelphia,Philadelphia,
001302,Philadelphia,Philadelphia,55
030800,Philadelphia,Philadelphia,85
033102,Philadelphia,Philadelphia,52.2
003800,Philadelphia,Philadelphia,87.5
100303,,Bucks,66.1
980100,Philadelphia,Philadelphia,93.8
034200,Philadelphia,Philadelphia,35.7
105508,,Bucks,99.5
203403,,Montgomery,77.9
203804,Norristown,Montgomery,42.3
023500,Philadelphia,Philadelphia,62.5
200309,Willow Grove,Montgomery,88.9
203205,Blue Bell,Montgomery,87.9
201901,,Montgomery,91.1
200307,Willow Grove,Montgomery,51.5
200106,,Montgomery,62.9
210700,,Montgomery,95
200200,Bryn Athyn,Montgomery,67.4
015102,Philadelphia,Philadelphia,36
024600,Philadelphia,Philadelphia,37.1
101810,,Bucks,87.9
100302,,Bucks,84.3
105805,,Bucks,62.3
407501,Media,Delaware,66.3
306800,,Chester,93.8
402700,Colwyn,Delaware,44.6
404103,,Delaware,75.6
402100,Yeadon,Delaware,55.3
409904,,Delaware,81.9
104505,,Bucks,99
104506,,Bucks,97
028500,Philadelphia,Philadelphia,57.7
208601,,Montgomery,89.3
203105,,Montgomery,85.8
205200,,Montgomery,82.8
200901,Lansdale,Montgomery,69
203304,,Montgomery,52
203902,Norristown,Montgomery,15.7
200103,,Montgomery,95.3
007900,Philadelphia,Philadelphia,46.3
011800,Philadelphia,Philadelphia,90
014600,Philadelphia,Philadelphia,32
021400,Philadelphia,Philadelphia,40.2
025600,Philadelphia,Philadelphia,70.8
027902,Philadelphia,Philadelphia,39
034000,Philadelphia,Philadelphia,87.7
302103,Frazer,Chester,49.8
406804,,Delaware,62.8
302102,Frazer,Chester,65.8
308000,Oxford,Chester,44.6
305300,Hayti,Chester,83.8
301001,,Chester,90.3
980800,Philadelphia,Philadelphia,
000401,Philadelphia,Philadelphia,34.7
000300,Philadelphia,Philadelphia,14.3
003902,Philadelphia,Philadelphia,71.1
007200,Philadelphia,Philadelphia,42
008802,Philadelphia,Philadelphia,8.1
033000,Philadelphia,Philadelphia,49.3
036202,Philadelphia,Philadelphia,82.3
205000,,Montgomery,62.2
017201,Philadelphia,Philadelphia,59.9
019000,Philadelphia,Philadelphia,53.9
038400,Philadelphia,Philadelphia,76.7
025200,Philadelphia,Philadelphia,45.3
104604,,Bucks,68.2
012501,Philadelphia,Philadelphia,0
303901,,Chester,91.8
039002,Philadelphia,Philadelphia,88.3
018802,Philadelphia,Philadelphia,48
025900,Philadelphia,Philadelphia,70.3
102104,,Bucks,78.9
409804,,Delaware,62.8
302205,,Chester,50.1
301600,,Chester,87.6
206905,,Montgomery,91.8
201003,,Montgomery,71
036302,Philadelphia,Philadelphia,70
000702,Philadelphia,Philadelphia,18.6
205903,,Montgomery,88
036902,Philadelphia,Philadelphia,1.9
403103,Collingdale,Delaware,77.2
004001,Philadelphia,Philadelphia,61.1
026301,Philadelphia,Philadelphia,92.8
303502,,Chester,87.9
105207,Newtown Grant,Bucks,81.3
003701,Philadelphia,Philadelphia,58.9
208903,Pottstown,Montgomery,69.9
302500,West Chester,Chester,42.3
000801,Philadelphia,Philadelphia,32.2
013800,Philadelphia,Philadelphia,30.2
031800,Philadelphia,Philadelphia,57.8
304404,Lionville,Chester,44.6
410304,,Delaware,76.5
033200,Philadelphia,Philadelphia,84
016701,Philadelphia,Philadelphia,63.5
201502,,Montgomery,99.7
002300,Philadelphia,Philadelphia,47.9
105012,,Bucks,99.3
